x,y,p2006,p2011,p2018,p2021
134,0,5,3,4,3
135,0,6,20,14,18
136,0,30,37,37,48
137,0,14,5,12,3
139,0,3,0,0,0
140,0,0,9,13,3
141,0,35,32,37,39
142,0,49,62,57,57
143,0,20,17,20,15
145,0,11,11,10,9
147,0,5,0,0,0
151,0,25,22,19,15
152,0,12,7,9,6
162,0,2,2,0,0
165,0,17,6,7,9
166,0,11,11,9,0
172,0,146,166,163,168
173,0,17,19,10,18
174,0,5,5,7,6
197,0,5,5,2,0
201,0,1,1,0,0
209,0,3,0,0,0
212,0,0,0,3,0
236,0,1,5,3,5
237,0,0,0,3,0
133,1,4,6,1,0
135,1,23,8,19,9
141,1,3,0,0,0
142,1,42,20,20,15
143,1,18,15,20,18
144,1,16,9,9,9
145,1,16,13,12,9
146,1,9,18,23,30
147,1,13,3,3,0
151,1,10,24,20,21
152,1,0,5,0,3
153,1,5,5,6,12
154,1,2,2,2,0
155,1,2,1,1,0
165,1,30,38,39,36
166,1,10,6,0,0
170,1,6,6,0,0
173,1,34,33,41,33
174,1,26,22,33,27
176,1,2,2,0,0
211,1,0,0,4,0
212,1,7,4,0,7
255,1,3,0,0,0
139,2,29,10,7,9
140,2,2,13,14,21
143,2,5,11,12,9
144,2,51,39,36,30
145,2,15,16,11,9
146,2,0,0,0,3
147,2,3,2,2,0
166,2,85,109,112,96
167,2,66,86,63,75
174,2,2,13,2,0
209,2,4,2,0,7
211,2,0,0,1,0
212,2,0,2,2,0
240,2,2,2,0,2
137,3,11,0,0,0
138,3,32,45,38,36
139,3,4,4,9,9
140,3,12,4,4,3
141,3,12,19,16,15
142,3,49,45,56,51
143,3,24,37,36,36
144,3,55,62,66,69
147,3,4,0,0,0
167,3,380,435,477,465
168,3,48,60,54,57
172,3,4,5,0,0
174,3,49,20,24,21
175,3,10,8,9,6
202,3,0,0,2,3
203,3,7,7,11,9
204,3,3,3,4,2
211,3,3,2,5,3
234,3,0,0,2,0
235,3,0,1,1,0
240,3,0,2,3,2
241,3,7,10,0,3
247,3,6,6,11,7
248,3,6,5,2,5
252,3,0,0,0,2
141,4,48,42,51,48
142,4,126,113,105,99
143,4,10,20,9,12
144,4,32,15,14,15
145,4,0,7,5,0
167,4,92,41,39,39
168,4,107,80,86,84
169,4,12,0,0,0
175,4,6,4,1,0
187,4,11,0,0,0
201,4,0,6,1,0
202,4,0,0,2,6
203,4,2,1,1,0
206,4,9,5,8,0
207,4,5,7,6,5
211,4,2,3,4,3
234,4,0,0,1,0
235,4,0,0,1,0
247,4,5,8,3,4
252,4,1,4,3,2
141,5,17,11,9,12
143,5,17,14,24,18
144,5,1,1,1,3
145,5,2,0,0,0
168,5,8,16,10,15
176,5,8,4,2,0
186,5,0,1,2,0
187,5,30,44,22,27
197,5,5,5,7,9
199,5,8,5,3,0
200,5,3,0,0,0
201,5,22,17,15,9
202,5,0,0,2,5
205,5,8,5,4,8
206,5,11,11,5,8
207,5,0,0,1,0
211,5,7,6,4,2
225,5,0,0,2,0
226,5,5,5,2,7
230,5,3,2,0,2
234,5,11,6,7,6
244,5,1,0,0,0
245,5,2,0,0,0
253,5,38,27,23,25
254,5,43,36,26,25
255,5,0,3,0,2
143,6,22,21,10,12
144,6,16,13,11,6
146,6,7,13,3,9
147,6,49,17,24,33
168,6,13,11,16,9
176,6,2,7,10,6
177,6,1,0,0,0
180,6,9,8,5,6
183,6,11,6,8,9
184,6,1,0,0,0
188,6,9,21,16,18
189,6,22,13,10,12
196,6,4,10,9,9
199,6,2,1,1,0
200,6,9,9,14,15
201,6,27,19,16,18
202,6,15,11,7,4
203,6,1,1,3,0
205,6,12,6,3,13
211,6,2,0,0,0
229,6,3,4,3,3
243,6,0,0,4,0
244,6,27,23,11,18
253,6,18,12,8,5
254,6,9,4,7,4
146,7,4,24,25,21
147,7,41,27,20,9
168,7,41,37,38,36
177,7,10,6,10,6
178,7,20,19,21,18
179,7,15,5,3,0
180,7,0,4,3,3
188,7,0,2,0,0
195,7,0,0,2,0
196,7,9,0,0,0
200,7,15,7,8,0
209,7,1,1,1,0
210,7,0,0,1,0
211,7,2,2,2,3
215,7,2,2,0,0
243,7,14,11,13,12
244,7,7,4,7,2
253,7,2,2,0,0
140,8,176,144,120,114
141,8,2,8,7,12
148,8,0,1,2,0
149,8,3,22,7,9
168,8,12,11,8,12
169,8,0,7,6,0
179,8,16,15,17,15
180,8,0,2,0,0
199,8,0,0,5,3
200,8,6,4,7,12
202,8,1,3,0,0
209,8,2,3,2,0
210,8,12,12,16,18
213,8,0,0,3,3
243,8,4,4,5,3
252,8,5,4,3,2
130,9,3,0,0,0
131,9,0,1,1,0
141,9,19,15,12,9
142,9,20,4,5,6
143,9,13,55,43,63
144,9,12,11,7,6
149,9,27,2,10,0
150,9,0,5,4,0
151,9,0,1,1,0
158,9,2,1,1,0
167,9,14,12,16,18
168,9,19,18,14,15
169,9,14,7,9,9
179,9,13,10,12,15
180,9,10,2,0,0
192,9,3,6,5,0
198,9,2,3,2,0
201,9,2,0,0,0
202,9,9,11,11,6
206,9,3,1,3,3
209,9,21,18,7,21
210,9,13,17,13,11
247,9,6,8,4,5
248,9,10,8,7,4
249,9,5,7,4,3
250,9,1,1,0,0
142,10,1,0,0,0
143,10,22,1,0,0
144,10,0,0,2,6
145,10,18,8,14,3
146,10,3,3,2,3
149,10,10,3,2,0
150,10,51,42,36,24
151,10,21,10,8,12
167,10,0,8,6,9
168,10,25,34,39,27
169,10,11,0,0,0
180,10,106,122,117,120
190,10,3,3,2,0
191,10,1,0,0,0
195,10,4,0,0,0
196,10,0,4,4,0
207,10,7,8,5,8
208,10,0,0,3,0
209,10,31,48,55,56
224,10,0,0,1,2
225,10,8,7,6,7
247,10,0,0,1,0
248,10,0,0,1,0
143,11,9,4,15,12
145,11,23,33,22,33
146,11,38,38,43,63
147,11,1,3,0,0
151,11,3,1,0,0
152,11,0,2,2,3
168,11,15,8,7,9
177,11,3,6,6,0
180,11,0,5,4,3
181,11,3,2,3,0
182,11,0,2,0,0
192,11,5,4,4,9
201,11,1,2,1,0
207,11,9,8,5,7
208,11,21,24,14,20
209,11,4,4,0,3
213,11,1,1,0,0
243,11,0,0,2,0
244,11,0,0,1,0
245,11,2,2,5,4
251,11,4,5,6,2
143,12,53,49,44,54
144,12,5,8,10,12
145,12,35,31,32,27
146,12,76,64,87,93
147,12,72,38,26,45
148,12,3,13,9,12
149,12,0,3,1,9
156,12,102,143,112,96
157,12,39,49,36,27
168,12,8,8,6,3
177,12,8,4,3,0
181,12,9,8,8,0
182,12,2,0,0,0
194,12,18,15,20,15
201,12,4,0,0,0
208,12,15,4,2,4
242,12,2,1,2,4
243,12,11,11,5,11
244,12,5,4,2,2
245,12,35,20,16,19
142,13,7,10,7,6
143,13,8,10,9,9
144,13,107,137,133,129
145,13,37,27,36,30
146,13,21,41,47,45
147,13,35,68,66,60
148,13,50,54,52,57
149,13,35,54,55,45
151,13,16,24,17,21
152,13,1,4,0,0
153,13,17,6,7,3
154,13,2,2,0,0
155,13,6,7,5,3
156,13,77,1,0,0
157,13,21,19,21,18
168,13,7,0,0,0
169,13,7,22,18,18
182,13,2,2,3,0
193,13,15,18,12,15
199,13,23,18,18,21
200,13,7,6,6,0
237,13,2,2,2,5
133,14,1,1,1,0
140,14,24,7,7,9
141,14,29,25,26,24
142,14,13,15,9,12
143,14,20,32,32,27
144,14,43,44,38,42
145,14,35,38,40,36
146,14,9,1,5,0
148,14,31,5,15,9
149,14,8,5,1,0
150,14,55,61,49,48
151,14,25,11,11,6
169,14,3,0,0,0
199,14,13,11,12,12
239,14,2,2,3,4
243,14,1,1,0,2
250,14,9,11,7,9
251,14,0,0,6,0
130,15,0,2,7,9
132,15,0,1,4,3
133,15,12,14,5,6
134,15,3,0,1,0
138,15,26,7,7,3
139,15,29,47,42,48
140,15,47,56,40,48
141,15,701,997,1164,1236
142,15,116,144,207,213
143,15,126,253,241,252
144,15,53,24,23,12
145,15,15,43,41,54
146,15,22,16,17,12
147,15,5,11,7,6
148,15,40,61,59,66
149,15,35,53,54,60
150,15,145,336,199,357
151,15,50,7,6,18
152,15,2,0,0,0
170,15,0,0,3,0
185,15,11,7,5,6
189,15,8,0,0,0
198,15,7,8,7,6
209,15,2,2,0,2
211,15,3,3,3,0
212,15,10,6,6,8
224,15,6,0,0,0
239,15,2,2,2,0
240,15,0,0,1,0
130,16,14,6,6,3
131,16,3,2,1,0
132,16,24,17,18,15
133,16,13,0,1,3
134,16,10,17,7,6
135,16,21,39,27,27
136,16,3,4,3,0
137,16,9,0,2,0
138,16,39,41,52,54
139,16,21,16,22,15
140,16,0,0,5,0
141,16,1670,894,898,864
142,16,524,1096,1235,1320
143,16,84,40,45,63
144,16,15,16,16,18
145,16,5,0,0,0
146,16,18,31,26,27
147,16,0,2,1,3
148,16,17,0,3,0
149,16,50,31,24,30
150,16,1354,1157,1401,1248
151,16,20,102,179,144
152,16,3,8,11,6
153,16,0,1,0,0
170,16,53,48,42,36
184,16,109,129,134,129
185,16,23,16,17,21
198,16,3,6,5,9
210,16,20,13,10,13
211,16,20,20,15,17
212,16,0,0,1,0
239,16,0,1,3,0
131,17,23,17,23,27
132,17,3,8,13,3
133,17,0,11,3,6
134,17,12,1,4,3
135,17,18,4,11,12
137,17,4,3,3,0
138,17,8,13,13,24
139,17,0,0,5,0
140,17,2,0,0,0
141,17,11,3,1,0
142,17,156,147,162,165
143,17,5,0,0,0
144,17,26,27,31,33
146,17,3,11,9,0
148,17,6,0,0,0
149,17,11,10,8,3
150,17,2,2,2,3
151,17,12,8,9,6
152,17,8,7,11,18
153,17,3,3,3,9
170,17,58,57,50,57
171,17,8,0,4,0
181,17,9,9,12,12
186,17,10,6,11,6
187,17,2,0,0,0
193,17,9,15,15,12
194,17,4,3,3,0
198,17,1,1,2,0
209,17,17,10,19,12
210,17,29,24,9,13
211,17,0,1,1,2
236,17,3,0,1,0
237,17,2,3,3,2
254,17,0,0,4,0
255,17,11,6,16,24
131,18,27,31,33,36
132,18,18,12,15,12
134,18,24,36,44,42
135,18,59,20,24,18
136,18,10,9,8,9
137,18,2,1,0,0
138,18,4,9,8,9
139,18,20,14,14,9
140,18,14,14,15,12
141,18,13,1,4,6
142,18,86,68,88,87
143,18,37,49,60,54
144,18,8,6,8,6
145,18,3,3,1,0
148,18,5,9,14,18
149,18,4,4,2,0
150,18,5,6,4,6
152,18,5,2,6,6
153,18,3,4,4,3
155,18,0,5,3,0
169,18,1,1,1,0
171,18,11,7,10,9
185,18,6,6,6,9
186,18,2,2,1,0
187,18,37,17,13,18
196,18,0,3,2,0
197,18,5,16,5,18
201,18,10,0,0,0
213,18,0,1,3,3
214,18,7,6,1,5
232,18,17,19,26,16
233,18,62,52,48,58
234,18,5,6,22,15
235,18,2,2,2,2
236,18,2,2,1,6
255,18,0,5,5,3
132,19,0,4,6,0
133,19,34,32,29,27
134,19,8,0,0,0
135,19,0,3,2,3
138,19,37,29,25,27
139,19,5,12,8,15
140,19,42,51,51,45
141,19,12,22,27,30
142,19,25,8,7,9
143,19,75,95,88,93
144,19,30,26,25,27
146,19,23,36,45,45
147,19,66,28,25,21
148,19,39,22,23,24
149,19,10,15,13,15
150,19,15,17,20,9
151,19,7,7,7,6
153,19,14,16,20,21
154,19,18,2,0,0
155,19,22,15,17,18
156,19,9,10,10,6
157,19,29,35,35,39
169,19,3,3,3,0
185,19,7,13,14,15
186,19,6,0,0,0
187,19,12,28,27,18
188,19,5,8,8,6
196,19,2,0,0,0
197,19,262,224,250,222
198,19,2,2,0,0
199,19,0,2,2,0
200,19,25,19,15,21
201,19,10,19,12,12
202,19,3,3,2,0
203,19,16,13,5,3
204,19,11,11,7,9
205,19,2,3,2,0
206,19,2,4,0,0
207,19,4,0,4,0
213,19,11,7,8,4
214,19,0,0,1,0
233,19,2,5,3,7
234,19,1,0,3,0
253,19,1,0,3,2
254,19,1,4,5,2
255,19,0,0,0,2
134,20,3,9,8,9
135,20,8,22,10,9
137,20,20,28,22,21
138,20,1,3,3,0
139,20,0,4,8,0
140,20,11,5,0,3
141,20,0,0,2,0
144,20,2,0,0,0
146,20,14,15,16,21
147,20,61,73,55,54
148,20,11,17,13,12
150,20,0,0,7,0
151,20,25,29,35,27
152,20,4,2,0,6
154,20,12,22,23,12
155,20,0,0,2,0
157,20,8,2,4,0
158,20,12,11,15,9
159,20,15,5,0,3
160,20,4,0,0,0
164,20,5,4,6,3
165,20,3,6,2,3
166,20,7,7,16,12
167,20,14,9,14,18
185,20,8,23,19,15
186,20,0,2,0,0
187,20,204,46,42,54
188,20,20,14,8,9
197,20,0,0,3,0
226,20,4,3,3,2
227,20,0,2,3,6
228,20,5,5,1,2
253,20,14,12,6,9
254,20,3,3,4,5
255,20,2,0,0,0
133,21,4,4,5,0
134,21,11,10,4,3
135,21,9,0,0,0
136,21,4,6,0,0
137,21,8,0,3,3
138,21,3,7,6,9
147,21,4,2,0,0
152,21,15,14,18,21
153,21,7,7,6,6
154,21,4,14,7,9
155,21,12,8,7,12
158,21,11,15,11,18
159,21,17,21,27,15
160,21,26,23,25,24
164,21,29,37,29,60
165,21,39,34,30,33
166,21,8,4,4,0
167,21,5,5,4,3
187,21,48,199,230,213
188,21,26,25,26,27
196,21,4,0,0,0
197,21,0,4,0,0
222,21,0,2,0,0
226,21,0,0,1,0
227,21,0,0,1,0
251,21,3,3,0,0
134,22,5,17,13,18
138,22,10,11,14,12
139,22,2,2,1,0
150,22,5,5,0,9
151,22,0,5,7,3
152,22,14,0,0,0
153,22,1,13,9,9
154,22,24,15,5,9
155,22,13,14,14,9
156,22,9,12,10,6
160,22,0,10,8,9
161,22,31,37,30,24
162,22,22,13,14,12
163,22,0,5,0,3
164,22,126,114,143,96
188,22,12,10,12,12
197,22,7,2,1,0
211,22,1,1,0,0
220,22,4,2,0,2
244,22,0,0,2,0
252,22,1,1,0,0
150,23,14,6,5,0
151,23,10,2,4,3
152,23,21,30,39,45
153,23,63,56,66,66
154,23,6,13,15,6
155,23,7,6,7,9
164,23,2,3,2,0
188,23,3,7,6,3
196,23,3,6,6,9
244,23,0,0,5,9
151,24,3,2,3,0
152,24,0,0,3,0
153,24,13,16,13,15
154,24,3,1,1,0
155,24,7,0,3,0
156,24,0,2,1,0
164,24,2,1,2,0
189,24,0,4,4,3
197,24,26,24,27,33
242,24,0,0,1,2
243,24,0,0,0,2
245,24,2,0,0,0
246,24,0,2,3,2
154,25,2,1,3,0
155,25,4,2,0,0
156,25,19,20,16,12
164,25,3,2,2,0
189,25,17,20,12,3
242,25,0,0,1,0
246,25,3,2,0,0
249,25,5,4,2,2
251,25,21,22,10,23
252,25,6,4,5,4
149,26,8,24,27,30
150,26,43,40,49,51
151,26,3,3,4,0
152,26,1,0,1,0
156,26,12,8,6,3
157,26,24,19,18,18
160,26,0,0,2,0
162,26,6,5,4,0
163,26,13,11,10,6
172,26,52,34,30,33
189,26,14,10,7,6
190,26,0,8,8,9
238,26,5,3,7,15
239,26,151,138,133,129
240,26,2,2,4,3
242,26,1,0,0,0
249,26,0,0,1,0
250,26,0,0,1,0
251,26,4,4,7,4
252,26,9,9,9,10
149,27,27,22,14,15
150,27,10,5,0,3
151,27,12,19,14,18
152,27,54,51,60,51
155,27,3,2,2,0
158,27,12,12,11,9
159,27,7,5,4,6
160,27,0,2,0,0
161,27,2,0,0,0
163,27,6,6,10,12
164,27,4,3,2,6
165,27,4,5,6,3
166,27,1,1,1,0
170,27,1,11,5,3
171,27,25,13,22,15
172,27,34,39,26,30
189,27,14,0,0,0
190,27,3,12,9,9
236,27,1,1,0,0
238,27,2,0,0,2
251,27,0,0,1,0
254,27,2,2,2,2
255,27,4,3,3,4
149,28,16,13,14,18
150,28,10,7,8,3
151,28,0,6,4,3
152,28,44,60,55,60
153,28,123,82,91,87
154,28,5,0,0,0
155,28,13,32,25,21
156,28,16,8,8,12
158,28,26,27,26,21
159,28,46,24,23,24
160,28,34,29,22,24
161,28,19,17,12,21
168,28,250,327,313,282
170,28,4,4,4,3
172,28,0,0,8,0
190,28,4,4,6,3
234,28,0,0,0,4
240,28,0,0,3,0
241,28,0,0,1,0
244,28,16,0,1,0
249,28,1,0,0,0
250,28,24,26,22,20
251,28,0,0,4,0
255,28,0,0,1,0
149,29,13,0,0,0
150,29,3,6,4,3
151,29,3,4,2,0
152,29,120,101,97,93
153,29,27,68,69,69
154,29,0,1,1,0
156,29,29,21,18,12
158,29,13,14,10,6
159,29,48,37,27,30
160,29,3,6,2,0
161,29,4,0,2,0
162,29,1,0,0,0
167,29,1,0,0,0
168,29,296,227,214,222
169,29,89,41,35,33
190,29,15,15,6,9
191,29,4,5,11,9
224,29,0,1,1,2
225,29,0,0,1,0
234,29,8,9,9,11
239,29,15,17,22,10
240,29,8,11,11,17
241,29,0,0,1,0
243,29,26,23,25,22
244,29,19,12,8,8
152,30,0,3,0,3
156,30,6,3,2,0
157,30,4,8,10,9
159,30,35,38,31,33
161,30,15,8,6,9
162,30,0,2,7,6
163,30,0,6,3,3
164,30,4,25,4,15
165,30,40,32,44,39
167,30,0,1,0,0
168,30,6,0,0,0
169,30,0,2,2,0
171,30,40,49,75,78
172,30,7,17,5,3
191,30,12,12,7,3
193,30,0,1,0,0
223,30,0,0,1,0
224,30,0,0,3,2
225,30,37,38,24,39
226,30,122,86,92,74
227,30,15,13,10,23
228,30,9,5,9,12
229,30,9,9,8,6
232,30,5,11,5,4
233,30,10,8,9,4
234,30,0,0,2,0
240,30,7,10,11,10
252,30,0,0,1,0
254,30,2,2,2,0
255,30,0,0,1,0
159,31,4,0,0,0
160,31,17,12,12,6
162,31,7,8,11,9
163,31,14,2,4,0
164,31,140,33,39,30
165,31,176,245,207,207
166,31,0,0,1,0
168,31,1,7,7,6
169,31,0,2,4,0
171,31,16,3,2,0
172,31,5,14,14,18
191,31,5,4,4,0
225,31,2,0,0,0
227,31,0,0,3,0
228,31,0,0,2,0
231,31,0,1,0,0
248,31,18,16,10,13
252,31,1,2,2,7
160,32,10,18,21,21
162,32,7,2,8,6
191,32,4,5,1,0
192,32,3,2,2,3
233,32,11,9,7,9
162,33,4,2,4,0
165,33,2,2,5,9
166,33,7,4,12,6
191,33,3,5,3,0
192,33,3,0,0,0
232,33,6,1,7,3
233,33,5,8,10,15
162,34,31,45,42,33
163,34,29,34,37,33
165,34,12,12,11,6
166,34,11,11,12,12
167,34,1,1,1,0
191,34,52,10,17,6
192,34,0,34,17,27
232,34,4,7,3,7
159,35,2,0,1,0
160,35,13,4,4,0
161,35,4,0,0,0
163,35,6,0,0,0
164,35,1,3,3,0
165,35,21,21,18,21
191,35,13,0,0,0
192,35,3,10,8,9
193,35,2,4,4,3
159,36,25,4,3,0
160,36,14,38,46,45
161,36,7,3,3,6
162,36,0,1,1,3
166,36,1,0,0,0
168,36,10,7,5,0
255,36,6,6,5,3
159,37,9,6,17,9
161,37,30,15,16,15
162,37,28,52,37,30
163,37,17,20,12,15
166,37,3,1,0,0
191,37,2,1,1,0
252,37,0,0,1,0
255,37,3,2,0,5
162,38,19,12,21,21
163,38,4,11,17,12
166,38,17,17,8,6
168,38,2,1,0,0
173,38,1,0,0,0
174,38,2,0,0,0
175,38,1,0,0,0
176,38,0,3,2,0
177,38,13,0,0,0
178,38,0,10,7,6
193,38,0,1,1,0
250,38,4,4,4,5
251,38,2,2,3,0
252,38,1,2,2,2
160,39,3,0,0,0
162,39,80,93,76,84
163,39,24,25,30,30
165,39,27,24,24,21
169,39,15,12,10,12
173,39,2,1,2,0
174,39,3,3,2,0
175,39,15,14,9,9
176,39,9,4,6,0
177,39,2,0,0,0
178,39,2,2,0,0
193,39,6,6,4,6
250,39,1,0,0,0
252,39,0,0,0,2
253,39,0,0,1,0
162,40,43,31,26,30
163,40,76,120,88,99
164,40,7,11,10,12
165,40,7,3,1,0
174,40,15,11,5,9
175,40,0,8,1,3
193,40,1,2,1,0
243,40,2,0,0,0
252,40,0,0,1,0
253,40,10,7,3,5
161,41,0,4,4,3
162,41,59,74,56,66
163,41,453,360,420,384
164,41,20,21,32,30
173,41,2,0,1,0
174,41,23,12,15,6
175,41,12,5,4,6
230,41,0,8,0,0
240,41,0,0,3,2
241,41,2,2,1,2
244,41,2,1,0,0
245,41,0,1,0,0
246,41,0,17,0,0
247,41,2,1,0,2
252,41,2,1,1,0
254,41,3,2,3,0
255,41,3,2,0,2
162,42,14,9,6,9
163,42,14,27,16,15
164,42,52,76,85,72
165,42,18,2,3,0
166,42,3,11,7,0
167,42,6,13,15,12
168,42,2,0,0,0
173,42,0,3,0,0
174,42,33,48,44,36
175,42,17,19,16,18
180,42,9,3,5,3
181,42,13,13,5,9
182,42,16,3,4,0
195,42,1,0,0,0
196,42,2,8,9,9
237,42,0,0,2,0
238,42,1,1,1,2
241,42,14,16,14,19
242,42,45,36,33,28
243,42,18,17,15,24
244,42,4,10,16,14
246,42,0,0,2,2
247,42,3,3,4,7
249,42,2,2,0,2
252,42,2,2,2,2
253,42,148,128,130,123
254,42,0,0,1,0
163,43,55,27,32,39
164,43,74,83,62,84
165,43,46,50,59,54
168,43,2,2,2,3
169,43,0,0,1,0
170,43,2,2,7,9
171,43,17,18,17,9
174,43,0,0,4,6
175,43,30,36,26,39
176,43,2,0,2,0
181,43,2,6,7,3
195,43,5,5,3,0
214,43,0,0,1,0
236,43,0,4,4,2
237,43,13,9,10,10
238,43,2,0,2,4
245,43,1,2,1,2
253,43,2,2,2,2
254,43,8,7,6,8
162,44,2,0,0,0
163,44,405,268,325,354
164,44,147,322,304,306
165,44,16,20,20,15
166,44,1,0,3,0
169,44,2,0,0,0
171,44,14,8,4,12
172,44,0,2,5,6
174,44,10,9,9,6
175,44,0,0,2,0
190,44,5,4,2,0
195,44,0,1,1,0
213,44,1,1,0,0
215,44,5,0,0,0
216,44,0,3,0,0
223,44,0,0,1,2
236,44,6,0,3,2
245,44,19,15,17,13
254,44,0,3,0,0
161,45,7,6,1,6
163,45,139,141,117,117
164,45,60,50,52,60
165,45,69,61,50,51
166,45,30,23,36,27
167,45,16,20,14,12
169,45,2,2,4,6
170,45,0,2,2,0
171,45,0,0,2,0
173,45,4,0,0,0
174,45,6,9,2,6
175,45,4,7,4,0
191,45,1,0,0,0
196,45,0,2,1,0
197,45,2,3,0,0
223,45,0,0,1,0
224,45,0,0,1,0
231,45,0,0,0,5
236,45,2,1,2,3
160,46,3,12,10,12
161,46,73,21,20,30
162,46,6,0,0,0
164,46,0,3,5,9
165,46,25,19,30,27
166,46,30,28,32,30
169,46,2,0,0,0
170,46,9,8,1,0
171,46,9,7,15,6
172,46,164,180,162,192
173,46,25,31,36,36
191,46,1,1,3,0
196,46,2,1,2,0
197,46,11,5,2,0
206,46,0,4,0,3
207,46,12,8,7,12
208,46,15,14,4,18
209,46,16,19,18,18
210,46,9,8,7,9
211,46,11,17,11,9
212,46,8,9,11,9
215,46,0,1,0,0
236,46,0,0,2,0
160,47,2,5,1,6
161,47,87,157,135,138
162,47,70,29,27,21
163,47,0,0,5,0
164,47,22,17,15,9
165,47,15,13,0,0
169,47,3,3,4,3
170,47,5,5,4,0
171,47,45,38,46,48
172,47,119,95,141,111
173,47,12,5,9,12
191,47,0,1,2,0
197,47,1,0,0,3
198,47,0,1,1,9
204,47,0,0,6,0
205,47,0,2,2,0
206,47,27,21,20,21
208,47,0,0,7,0
249,47,7,8,5,5
250,47,3,3,2,2
253,47,8,6,6,3
161,48,0,2,0,3
162,48,20,22,12,21
163,48,0,1,19,0
164,48,1,0,0,0
165,48,18,23,18,27
166,48,32,30,36,15
167,48,12,5,0,6
168,48,0,2,2,0
169,48,59,42,44,51
170,48,4,4,3,9
171,48,4,4,3,0
172,48,37,50,43,30
173,48,33,7,7,12
191,48,18,15,13,15
197,48,8,9,4,3
198,48,3,2,4,6
205,48,36,42,46,42
206,48,18,8,13,12
245,48,0,0,1,2
248,48,14,11,11,14
249,48,7,12,14,16
250,48,3,1,5,2
251,48,1,1,0,0
252,48,7,2,0,0
253,48,0,1,2,0
254,48,7,5,7,9
255,48,5,4,5,9
162,49,260,186,195,186
163,49,633,1104,940,1044
164,49,1,57,104,42
166,49,14,23,27,36
167,49,36,26,17,15
170,49,3,2,0,0
171,49,2,5,4,0
172,49,4,0,0,0
191,49,59,60,54,51
192,49,5,14,10,15
193,49,0,4,3,0
197,49,8,1,1,9
198,49,6,18,13,15
204,49,9,0,0,0
205,49,21,28,23,9
206,49,0,7,1,6
209,49,4,7,2,6
210,49,3,2,8,3
245,49,0,0,2,0
246,49,1,2,0,0
247,49,0,0,0,2
248,49,0,0,1,0
252,49,2,1,0,0
255,49,1,1,0,2
161,50,2,2,1,3
162,50,252,271,328,291
163,50,1251,572,809,639
164,50,1181,1588,1605,1686
165,50,4,9,5,3
166,50,144,100,112,87
167,50,84,156,115,120
169,50,13,7,5,3
191,50,16,32,38,36
192,50,12,0,2,0
193,50,4,5,8,12
198,50,5,5,3,0
205,50,4,3,2,3
206,50,10,9,12,9
208,50,10,6,7,6
209,50,2,2,1,0
224,50,0,0,3,11
225,50,0,0,4,0
242,50,0,0,3,0
254,50,2,2,0,0
161,51,1,8,4,3
162,51,2,0,7,0
164,51,1694,1504,1617,1608
165,51,62,291,324,345
166,51,122,114,104,105
167,51,85,90,111,84
168,51,3,3,2,0
169,51,8,10,12,15
191,51,14,12,7,15
196,51,6,13,13,15
197,51,18,7,7,6
198,51,13,12,8,6
205,51,0,2,0,3
206,51,8,7,8,9
207,51,2,2,3,0
208,51,0,2,2,0
215,51,2,0,0,0
216,51,5,4,5,0
217,51,0,1,5,0
218,51,3,4,0,2
234,51,0,0,8,9
161,52,0,0,0,3
162,52,1,0,0,0
164,52,32,23,19,24
165,52,24,35,20,27
166,52,37,57,41,51
167,52,12,7,6,0
168,52,2,5,4,3
172,52,1,1,1,0
191,52,0,0,1,0
197,52,10,7,6,9
205,52,5,0,0,0
206,52,9,10,8,6
214,52,1,0,1,0
215,52,0,1,0,0
218,52,24,0,0,0
165,53,48,38,47,48
172,53,1,1,1,0
191,53,3,2,4,6
194,53,1,0,0,0
195,53,6,0,0,0
199,53,2,2,1,0
205,53,0,4,0,9
206,53,15,13,15,12
210,53,3,4,3,3
212,53,5,5,7,6
213,53,5,5,3,3
253,53,4,2,3,0
254,53,41,45,37,43
255,53,0,3,2,4
164,54,0,6,4,3
165,54,38,25,18,21
191,54,386,422,368,402
192,54,2,129,250,171
193,54,9,9,9,6
194,54,27,24,21,24
195,54,12,24,19,21
196,54,9,3,3,9
198,54,10,10,8,6
205,54,0,2,6,3
206,54,6,4,0,3
210,54,6,6,5,3
236,54,1,0,0,0
252,54,3,3,1,3
253,54,1,1,2,0
254,54,20,7,7,4
255,54,0,0,2,0
165,55,0,7,0,6
166,55,44,30,45,42
190,55,2,2,0,0
191,55,477,317,302,333
192,55,0,0,5,12
197,55,2,0,0,0
198,55,8,11,8,6
205,55,12,11,8,3
206,55,16,23,20,15
207,55,3,2,2,0
208,55,6,0,1,0
210,55,8,7,4,3
211,55,0,3,1,0
237,55,0,2,3,2
248,55,7,4,3,5
249,55,40,35,21,31
250,55,8,10,11,13
251,55,0,0,3,0
253,55,13,7,10,5
254,55,11,6,7,12
165,56,26,12,15,6
166,56,6,11,15,15
167,56,0,0,0,3
191,56,24,21,23,21
208,56,1,6,6,9
239,56,4,2,0,0
242,56,1,1,2,0
243,56,4,2,0,0
244,56,3,7,7,6
245,56,5,1,3,2
249,56,0,0,7,0
250,56,0,0,5,0
251,56,6,6,3,4
154,57,12,11,0,0
155,57,32,33,40,36
156,57,21,17,21,24
161,57,2,0,0,0
162,57,3,1,1,0
167,57,4,5,5,3
172,57,1,0,0,0
190,57,1,11,4,0
191,57,72,64,56,48
199,57,4,2,2,0
201,57,12,9,9,6
202,57,4,0,0,0
205,57,2,4,9,6
208,57,9,5,13,15
209,57,5,4,0,0
228,57,0,22,0,0
156,58,26,39,42,42
158,58,19,35,17,24
162,58,5,0,0,0
185,58,3,0,0,0
189,58,12,10,8,3
190,58,11,10,10,12
191,58,43,21,20,21
197,58,2,2,2,3
200,58,0,0,3,0
201,58,14,16,12,18
202,58,0,0,5,3
203,58,10,10,9,9
204,58,0,3,0,3
205,58,291,351,365,297
206,58,23,31,26,24
207,58,6,8,8,6
208,58,3,0,2,0
209,58,0,5,7,9
210,58,7,8,7,6
212,58,5,4,5,0
213,58,1,1,0,0
229,58,0,0,2,5
230,58,0,0,1,0
244,58,0,0,0,2
255,58,3,2,0,0
156,59,10,10,9,12
157,59,35,38,33,30
158,59,13,5,3,3
162,59,32,27,30,30
163,59,5,2,0,0
167,59,23,24,20,24
176,59,1,1,7,9
185,59,14,12,9,12
188,59,16,14,16,15
189,59,1,2,2,6
191,59,6,1,4,6
192,59,1,4,3,3
202,59,0,0,0,3
203,59,11,15,9,6
204,59,11,32,75,42
205,59,403,294,208,231
206,59,21,17,25,24
207,59,25,32,32,30
229,59,0,0,1,0
230,59,0,0,1,0
233,59,0,1,2,0
234,59,1,0,1,0
236,59,7,15,5,2
237,59,11,2,3,6
240,59,0,3,0,0
241,59,1,0,0,0
254,59,0,0,1,0
255,59,0,0,2,0
156,60,24,30,32,27
157,60,36,31,36,27
158,60,23,37,29,24
159,60,14,11,12,12
167,60,9,16,16,18
168,60,5,1,0,0
176,60,4,4,5,6
188,60,8,7,2,3
192,60,7,6,4,6
203,60,16,16,16,15
204,60,2,0,0,0
205,60,3,8,7,0
206,60,41,44,33,33
207,60,7,4,0,3
233,60,2,3,2,5
154,61,7,6,5,0
155,61,63,35,27,27
156,61,0,7,7,12
157,61,328,237,208,216
158,61,20,93,162,120
159,61,7,25,26,36
160,61,7,4,3,6
161,61,72,59,54,48
166,61,4,4,4,3
168,61,25,24,32,30
188,61,1,2,1,3
205,61,8,0,0,0
206,61,2,10,10,9
207,61,11,3,3,0
234,61,4,4,4,9
240,61,4,9,4,4
241,61,0,0,1,0
154,62,4,2,2,3
155,62,49,69,79,75
156,62,89,48,47,51
157,62,48,132,140,138
158,62,34,21,30,27
159,62,17,29,29,27
161,62,18,15,15,9
167,62,8,17,13,6
168,62,204,169,191,156
169,62,7,0,0,0
172,62,0,2,4,0
185,62,4,3,3,0
187,62,14,13,12,12
188,62,22,9,13,6
200,62,11,8,8,6
202,62,7,7,6,3
206,62,1,6,7,6
207,62,10,7,10,6
208,62,11,16,15,15
232,62,3,2,1,0
233,62,10,11,8,6
234,62,2,0,0,0
240,62,0,0,2,0
156,63,5,54,51,78
157,63,82,14,24,12
158,63,1,0,0,0
159,63,5,0,3,0
168,63,44,30,13,21
169,63,47,75,80,69
172,63,7,3,1,3
185,63,0,2,2,0
187,63,7,7,8,9
200,63,7,6,5,3
201,63,8,12,6,12
207,63,1,1,0,0
208,63,4,11,7,12
209,63,0,2,2,0
210,63,10,9,7,6
230,63,0,0,2,0
231,63,7,8,10,14
232,63,7,7,6,10
233,63,0,0,2,0
240,63,1,0,0,0
252,63,1,1,0,3
168,64,8,0,1,0
169,64,13,33,34,39
170,64,7,22,17,18
172,64,38,42,35,36
186,64,0,4,6,6
187,64,9,3,1,0
188,64,14,10,9,9
202,64,4,3,5,3
203,64,1,0,0,0
208,64,8,8,11,12
230,64,0,0,8,0
231,64,31,25,25,36
232,64,1,1,3,0
237,64,1,0,3,0
238,64,3,7,3,5
239,64,3,3,2,2
250,64,4,3,0,2
152,65,1,0,0,0
170,65,13,7,5,3
186,65,37,39,38,39
188,65,27,21,22,18
203,65,17,15,20,21
218,65,0,0,2,6
219,65,0,0,1,0
234,65,3,6,5,3
236,65,0,0,4,0
237,65,3,1,6,4
238,65,5,5,3,0
241,65,2,1,0,0
243,65,3,4,4,3
244,65,8,5,5,5
245,65,10,8,5,10
246,65,0,0,1,0
167,66,0,3,2,3
168,66,36,17,15,12
169,66,8,0,0,0
171,66,23,20,18,18
172,66,5,5,3,3
185,66,4,0,0,0
186,66,51,42,33,39
187,66,17,30,33,36
188,66,8,6,7,9
204,66,2,0,0,0
206,66,0,0,3,3
218,66,7,4,5,0
219,66,10,8,5,3
233,66,0,0,2,0
234,66,11,11,14,8
235,66,3,3,3,4
236,66,1,1,7,0
237,66,20,18,3,17
240,66,4,4,4,5
244,66,0,0,3,0
245,66,13,10,5,10
246,66,7,6,13,8
247,66,11,8,8,10
168,67,0,4,7,12
169,67,44,36,41,30
170,67,4,0,1,3
172,67,0,2,2,0
186,67,33,16,29,12
187,67,54,69,49,60
188,67,11,11,15,9
206,67,10,8,7,3
218,67,0,0,1,0
219,67,9,9,8,12
220,67,0,0,2,0
221,67,9,10,9,12
228,67,1,1,5,6
232,67,7,6,3,2
233,67,152,132,147,129
234,67,173,176,157,152
235,67,203,184,189,182
236,67,22,24,22,25
240,67,5,1,0,2
158,68,0,0,2,0
168,68,0,0,2,0
169,68,4,12,12,12
170,68,14,9,12,6
171,68,18,16,11,12
185,68,9,9,11,12
186,68,50,48,41,39
187,68,33,37,45,45
188,68,4,4,3,0
189,68,8,8,5,6
202,68,1,1,0,0
203,68,0,0,1,0
217,68,0,3,2,0
219,68,1,1,0,0
220,68,0,0,2,0
221,68,4,5,5,6
222,68,11,7,4,2
223,68,0,0,0,4
225,68,2,3,0,0
226,68,2,3,1,4
227,68,32,31,25,31
228,68,24,25,20,23
229,68,24,20,25,29
230,68,2,1,5,3
231,68,4,5,6,2
232,68,0,0,4,0
235,68,8,3,6,5
236,68,0,0,1,0
240,68,12,6,11,2
167,69,7,0,0,0
168,69,225,211,190,195
170,69,3,0,0,0
171,69,6,1,1,0
185,69,3,0,0,3
186,69,55,47,52,48
187,69,39,39,31,30
188,69,0,0,10,0
189,69,21,11,3,9
203,69,7,0,0,0
218,69,3,0,0,0
226,69,11,9,8,5
227,69,5,2,9,2
228,69,0,0,2,0
229,69,0,0,2,0
230,69,6,2,1,2
231,69,40,43,24,35
232,69,4,4,5,7
233,69,3,2,4,14
234,69,5,1,0,0
235,69,6,2,5,8
236,69,3,2,1,2
237,69,7,8,5,7
238,69,7,7,8,3
239,69,4,2,4,10
240,69,24,23,17,20
161,70,0,0,1,0
163,70,29,14,18,9
164,70,3,21,10,18
168,70,6,10,17,9
169,70,3,3,0,0
173,70,2,1,1,0
174,70,0,1,1,0
186,70,1743,2689,2499,2718
187,70,833,192,201,231
188,70,135,110,90,105
189,70,43,21,31,21
190,70,22,18,20,18
194,70,4,5,5,0
203,70,0,11,7,6
204,70,7,5,1,0
209,70,13,4,13,9
210,70,0,6,0,3
215,70,3,3,3,0
230,70,10,9,9,8
231,70,7,5,4,13
234,70,0,0,1,2
235,70,0,1,2,0
237,70,0,0,4,0
238,70,15,25,20,25
239,70,27,28,26,30
255,70,0,2,0,2
162,71,1,0,0,0
163,71,0,0,2,0
164,71,45,31,22,18
169,71,3,2,1,0
170,71,1,2,5,9
174,71,5,2,1,0
185,71,1029,468,393,504
186,71,2427,3149,3626,3213
187,71,124,73,258,273
188,71,50,109,115,93
189,71,23,32,24,24
190,71,14,7,0,0
202,71,6,3,2,0
206,71,0,1,0,0
207,71,1,0,0,0
208,71,1,13,7,9
209,71,19,8,16,12
213,71,6,8,8,9
214,71,8,6,6,6
229,71,1,1,8,2
230,71,17,17,8,9
231,71,1,0,0,0
255,71,0,0,0,2
164,72,0,2,1,3
168,72,9,6,7,9
169,72,54,43,51,51
170,72,4,0,0,0
172,72,5,6,5,0
185,72,1283,317,422,306
186,72,419,1211,1018,1179
187,72,119,119,120,111
188,72,45,44,38,42
190,72,2,22,30,27
192,72,9,10,11,9
193,72,8,6,5,3
201,72,6,5,3,0
207,72,3,3,2,0
208,72,0,2,0,0
209,72,0,0,7,9
229,72,157,174,154,199
230,72,0,0,63,3
251,72,0,0,1,0
252,72,0,0,1,0
158,73,32,23,14,15
164,73,2,20,14,12
165,73,18,0,0,0
167,73,6,9,5,0
168,73,0,2,0,3
169,73,2,0,2,0
170,73,4,2,5,0
183,73,7,2,0,0
185,73,2010,1601,1434,1479
186,73,200,367,375,336
191,73,2,1,1,3
192,73,29,31,28,27
198,73,0,1,2,3
199,73,0,2,11,3
202,73,2,0,0,0
203,73,0,4,4,3
207,73,0,2,2,0
208,73,0,8,3,6
209,73,11,2,7,6
220,73,2,5,6,12
221,73,7,3,1,2
222,73,9,0,8,5
223,73,2,0,0,0
224,73,8,7,7,6
225,73,10,10,10,12
226,73,0,1,0,4
228,73,1,0,10,5
229,73,67,67,68,87
251,73,0,0,1,2
252,73,0,0,1,3
160,74,50,0,0,0
161,74,75,61,46,45
162,74,37,62,46,42
167,74,15,20,19,18
168,74,6,0,1,0
169,74,8,8,8,9
170,74,3,21,20,21
171,74,15,4,5,6
175,74,5,5,4,0
176,74,4,6,9,6
177,74,10,2,0,0
179,74,0,0,4,3
183,74,0,2,3,0
185,74,37,22,24,18
186,74,32,17,37,21
187,74,86,84,91,93
188,74,10,16,20,18
189,74,18,12,6,6
190,74,71,65,74,69
191,74,56,60,84,81
192,74,6,8,7,6
198,74,1,0,0,0
199,74,18,47,22,27
201,74,5,6,6,0
202,74,15,13,11,15
203,74,17,11,19,15
204,74,14,27,26,27
206,74,2,1,1,0
207,74,10,7,6,3
208,74,1,1,1,0
222,74,11,12,1,6
228,74,2,1,0,0
162,75,7,0,4,0
163,75,0,5,0,0
164,75,1,0,0,0
165,75,15,0,0,0
166,75,41,64,74,72
167,75,18,8,7,6
168,75,229,215,212,219
169,75,29,33,35,42
175,75,6,8,2,0
179,75,14,12,6,6
180,75,0,5,0,3
184,75,19,55,49,54
185,75,152,129,171,177
187,75,45,58,60,63
188,75,108,125,133,120
189,75,19,8,12,6
190,75,2,0,2,0
191,75,20,18,16,18
198,75,12,11,7,6
199,75,79,49,50,51
200,75,17,26,30,21
201,75,2,5,4,6
204,75,6,0,0,0
205,75,0,0,5,9
206,75,6,5,4,3
207,75,10,7,6,6
227,75,24,27,25,28
228,75,0,0,3,0
163,76,21,9,6,9
164,76,0,1,1,0
166,76,36,23,3,6
168,76,70,67,58,72
169,76,36,56,65,54
170,76,0,1,0,0
174,76,9,6,10,3
180,76,4,0,3,0
183,76,14,9,9,3
184,76,94,52,43,39
187,76,17,20,28,24
188,76,35,31,31,33
189,76,9,17,9,6
190,76,34,28,28,21
191,76,18,0,0,0
199,76,62,61,48,54
200,76,88,69,62,63
201,76,63,68,68,69
210,76,2,2,0,0
211,76,1,1,0,0
212,76,4,4,0,0
214,76,2,2,1,0
226,76,0,0,2,0
227,76,4,3,2,3
163,77,20,25,21,15
164,77,61,174,201,186
168,77,4,4,1,6
169,77,41,34,31,39
170,77,34,27,27,36
176,77,0,3,0,0
182,77,0,1,1,0
183,77,22,6,7,9
184,77,133,167,174,162
185,77,21,32,28,27
186,77,0,17,26,18
190,77,60,54,58,63
191,77,8,0,0,0
199,77,5,3,2,0
201,77,8,8,8,6
202,77,1,0,0,0
213,77,4,2,2,0
214,77,0,0,2,0
226,77,16,11,4,10
227,77,1,0,3,0
163,78,46,13,14,15
164,78,557,588,708,753
165,78,101,105,127,114
169,78,12,8,8,3
170,78,73,69,70,72
171,78,27,39,36,48
172,78,4,9,8,6
175,78,1,1,0,0
176,78,50,33,27,18
177,78,5,2,4,3
178,78,0,3,2,0
179,78,1,0,0,0
180,78,0,1,1,0
184,78,41,11,2,9
185,78,104,86,89,69
186,78,39,74,82,75
190,78,3,16,13,9
191,78,0,4,5,3
199,78,2,2,2,0
227,78,2,0,0,0
162,79,4,0,0,0
163,79,94,103,102,108
164,79,118,91,99,99
165,79,208,180,191,192
166,79,10,2,0,6
170,79,372,646,783,708
171,79,146,303,284,342
172,79,31,27,31,36
176,79,0,15,5,18
177,79,20,16,20,15
178,79,1,0,0,0
185,79,190,143,145,126
186,79,56,78,79,78
187,79,7,5,14,18
188,79,5,9,13,9
189,79,20,15,9,9
191,79,2,3,4,6
198,79,6,4,2,0
200,79,5,2,2,0
227,79,13,13,11,7
228,79,3,2,0,4
255,79,7,0,0,0
162,80,0,6,7,3
163,80,155,81,71,54
165,80,26,2,5,0
166,80,34,25,22,21
171,80,1946,1796,1773,1758
172,80,2270,2995,2966,2985
173,80,285,101,177,117
178,80,6,13,15,15
179,80,10,21,24,27
180,80,7,14,10,9
186,80,31,11,2,12
187,80,6,8,10,21
188,80,2,2,5,6
189,80,3,8,0,6
190,80,19,28,30,27
191,80,25,21,21,21
227,80,15,8,17,26
228,80,0,0,0,2
163,81,7,77,80,93
164,81,15,11,11,15
165,81,1,4,4,6
166,81,10,9,1,0
167,81,1,0,0,0
168,81,18,11,13,15
172,81,869,186,267,264
173,81,69,17,18,18
178,81,15,20,19,12
179,81,39,44,44,57
180,81,55,18,17,12
187,81,21,17,23,12
188,81,19,13,17,21
190,81,0,0,2,3
191,81,19,27,19,18
194,81,8,6,9,6
195,81,3,5,0,0
200,81,9,10,8,3
201,81,16,18,18,15
202,81,9,9,6,3
227,81,0,0,3,0
228,81,0,3,8,6
158,82,2,1,0,0
165,82,1,0,0,0
169,82,21,15,21,18
170,82,1,3,3,6
173,82,19,68,106,108
174,82,137,101,132,129
175,82,38,44,38,60
176,82,13,0,0,0
177,82,8,0,0,0
179,82,0,5,10,3
180,82,58,67,62,54
181,82,23,12,6,6
187,82,0,3,1,0
188,82,36,45,42,45
189,82,9,0,0,0
191,82,30,14,13,9
192,82,10,24,15,18
194,82,2,5,3,3
200,82,80,87,87,90
201,82,2,1,1,3
227,82,0,0,1,0
228,82,3,2,2,0
247,82,4,4,3,3
248,82,0,5,0,0
251,82,0,0,0,2
252,82,3,2,0,0
253,82,18,20,21,25
254,82,107,100,125,114
255,82,16,15,17,19
159,83,1,1,1,0
167,83,3,3,5,0
168,83,2,2,2,0
170,83,3,5,4,0
171,83,5,11,9,6
173,83,64,44,58,48
174,83,33,48,77,72
175,83,108,100,94,81
176,83,52,58,54,60
177,83,53,86,76,84
178,83,19,57,60,54
179,83,455,601,693,705
180,83,5,55,79,54
181,83,43,25,19,15
188,83,0,13,16,9
189,83,23,11,15,15
191,83,41,14,9,9
192,83,12,4,2,6
193,83,17,15,14,12
194,83,5,9,10,12
195,83,11,5,4,3
199,83,13,22,14,12
200,83,20,18,15,21
204,83,8,0,0,0
205,83,0,26,23,27
225,83,3,0,0,0
226,83,0,1,0,0
228,83,5,6,2,2
229,83,2,0,1,3
251,83,2,0,0,2
254,83,47,40,25,32
255,83,7,10,7,7
165,84,1,0,0,0
166,84,39,48,39,48
168,84,37,30,36,39
169,84,0,0,1,0
171,84,21,147,147,144
172,84,0,6,6,0
174,84,13,23,10,9
177,84,0,12,20,6
178,84,87,38,37,39
179,84,185,37,48,48
180,84,28,22,26,27
181,84,97,74,67,75
182,84,15,45,50,45
183,84,1,0,0,0
189,84,1,13,8,9
190,84,20,29,36,27
191,84,56,54,52,66
193,84,14,11,7,6
194,84,1,3,6,3
198,84,5,62,54,54
199,84,83,81,74,87
200,84,12,0,0,0
202,84,3,0,0,0
203,84,16,10,9,9
204,84,14,25,19,15
205,84,22,0,0,0
225,84,0,0,1,0
226,84,0,0,1,0
228,84,0,1,0,2
168,85,33,56,75,60
169,85,244,211,253,276
170,85,16,8,6,0
171,85,35,0,9,3
172,85,4,0,0,0
175,85,10,12,9,9
181,85,6,0,0,0
182,85,20,25,15,15
183,85,8,8,9,6
191,85,31,19,14,9
192,85,0,0,3,3
193,85,19,24,18,15
198,85,0,0,0,3
199,85,683,900,942,918
200,85,247,83,77,78
201,85,42,24,15,21
202,85,12,25,24,21
203,85,9,8,6,9
223,85,0,0,2,0
224,85,0,1,0,0
225,85,2,4,5,5
226,85,8,4,2,0
227,85,1,0,0,0
164,86,0,0,3,3
165,86,1,0,0,0
169,86,14,37,47,36
170,86,16,0,1,0
171,86,8,15,14,15
172,86,4,8,7,6
176,86,12,10,13,12
177,86,6,3,3,3
182,86,29,25,28,30
183,86,12,9,10,15
191,86,4,2,0,0
192,86,2,3,0,3
193,86,49,47,47,51
198,86,24,6,16,9
199,86,88,44,43,48
200,86,3,1,12,0
223,86,0,0,1,0
164,87,14,11,6,9
165,87,5,3,2,0
167,87,0,2,1,0
169,87,23,38,19,21
170,87,41,45,40,36
171,87,16,17,10,12
172,87,13,1,0,0
173,87,0,6,7,6
174,87,9,6,4,3
193,87,2,4,1,3
194,87,6,5,4,3
198,87,37,40,33,30
199,87,12,12,8,9
223,87,2,0,0,0
165,88,14,6,14,9
166,88,2,0,0,0
170,88,45,34,29,30
171,88,55,46,51,51
172,88,0,24,29,27
173,88,7,8,6,6
174,88,39,46,41,39
175,88,16,45,28,30
176,88,30,4,6,6
180,88,2,8,6,9
182,88,27,64,42,57
183,88,51,10,13,12
194,88,6,6,7,6
198,88,36,22,18,30
199,88,65,79,82,93
204,88,1,0,0,0
218,88,0,0,1,0
219,88,0,0,1,0
222,88,3,2,0,0
165,89,16,12,4,12
169,89,11,7,10,12
170,89,146,151,155,150
171,89,19,16,21,9
172,89,0,16,8,18
173,89,6,6,5,6
174,89,30,24,27,27
175,89,0,0,2,0
177,89,6,4,4,0
178,89,4,0,0,0
179,89,0,9,10,9
181,89,2,2,0,3
182,89,0,0,7,0
183,89,19,19,16,12
184,89,9,1,2,3
195,89,2,0,0,0
198,89,20,27,23,12
199,89,453,482,485,489
200,89,42,32,42,42
201,89,15,15,15,15
202,89,6,4,4,3
203,89,2,1,0,0
204,89,0,2,2,0
218,89,1,2,1,2
219,89,0,0,1,0
220,89,4,2,3,3
221,89,0,4,4,9
168,90,3,3,2,0
169,90,1,2,1,0
170,90,4,5,2,0
171,90,69,41,33,39
172,90,3,10,11,9
174,90,6,4,1,0
177,90,0,2,6,3
179,90,67,51,48,45
180,90,75,131,90,99
181,90,202,269,214,258
182,90,40,39,42,30
183,90,1,6,0,6
184,90,0,6,8,9
185,90,10,7,8,9
187,90,11,6,3,0
191,90,6,0,0,0
196,90,2,3,6,3
197,90,15,1,7,6
198,90,12,12,12,12
199,90,23,30,36,24
200,90,8,0,0,0
202,90,25,26,28,27
204,90,1,7,7,0
205,90,6,0,0,9
170,91,44,35,27,33
171,91,52,87,80,72
176,91,2,2,2,0
179,91,19,14,9,6
180,91,491,290,381,309
181,91,485,679,682,624
187,91,3,1,0,0
188,91,14,21,21,15
189,91,5,0,0,0
190,91,0,5,3,0
191,91,0,3,2,0
195,91,0,2,4,3
196,91,8,13,4,9
197,91,15,7,9,9
198,91,362,399,407,390
199,91,26,0,0,0
216,91,3,4,2,0
170,92,0,0,2,3
171,92,0,5,8,9
175,92,55,60,62,69
176,92,12,9,11,18
177,92,2,0,0,0
178,92,6,5,6,9
179,92,1,3,8,3
180,92,0,0,3,0
181,92,2,0,4,0
182,92,28,23,24,33
188,92,40,35,23,27
189,92,34,56,59,57
193,92,3,3,2,0
194,92,17,0,0,0
195,92,46,61,53,54
198,92,7,6,4,3
199,92,0,2,5,0
173,93,0,0,0,6
174,93,4,0,5,0
175,93,8,6,4,3
176,93,0,1,0,0
177,93,13,10,10,6
178,93,4,0,0,0
179,93,6,10,4,18
180,93,11,7,9,6
181,93,10,10,11,12
182,93,7,4,4,0
183,93,32,22,18,12
192,93,0,2,0,0
193,93,0,0,1,0
194,93,1240,1127,1033,1062
195,93,28,200,239,213
198,93,2,0,0,0
199,93,12,13,16,12
200,93,0,3,6,6
174,94,13,11,6,6
177,94,5,2,2,0
178,94,1,0,0,0
179,94,9,1,1,3
181,94,0,1,1,3
182,94,38,21,20,15
183,94,16,20,24,21
184,94,43,31,40,30
192,94,2,0,0,0
195,94,3,0,3,0
196,94,12,12,13,21
197,94,1,1,0,0
198,94,1,0,0,0
199,94,0,1,0,0
200,94,34,15,3,6
201,94,10,21,23,18
202,94,116,68,86,60
203,94,145,109,91,108
204,94,86,110,91,87
205,94,1,0,0,0
206,94,0,1,1,0
180,95,9,9,7,0
183,95,0,2,2,0
184,95,21,27,20,33
185,95,10,5,7,0
192,95,17,13,10,9
193,95,7,4,2,3
196,95,3,12,3,6
197,95,10,4,14,9
198,95,2,0,0,0
202,95,341,376,328,345
203,95,15,33,48,45
205,95,0,0,1,0
215,95,7,8,8,6
175,96,2,0,0,0
176,96,2,2,3,0
177,96,0,1,0,0
192,96,20,28,31,27
193,96,13,194,158,183
194,96,14,23,24,24
196,96,2,4,5,6
197,96,31,35,40,42
198,96,29,6,7,9
199,96,12,15,13,6
200,96,17,14,11,9
202,96,33,39,36,42
203,96,57,65,122,60
204,96,315,149,132,156
205,96,7,0,0,0
206,96,16,14,12,9
182,97,4,5,6,6
189,97,3,0,0,0
190,97,19,14,17,12
191,97,62,67,59,60
192,97,61,107,116,102
193,97,317,67,80,57
194,97,24,16,12,24
195,97,28,27,31,24
196,97,44,40,31,30
197,97,41,48,42,51
198,97,22,23,29,24
199,97,1,0,0,0
201,97,8,10,9,6
203,97,0,0,13,0
204,97,1245,1663,1775,1773
205,97,738,156,143,171
214,97,0,3,0,0
219,97,6,5,5,0
172,98,5,0,0,0
180,98,51,46,52,54
182,98,8,1,1,0
183,98,17,16,15,15
188,98,5,6,4,0
189,98,5,4,5,3
190,98,20,3,4,6
191,98,19,37,26,27
192,98,18,12,10,6
201,98,41,67,66,60
202,98,118,121,119,117
203,98,290,242,243,252
204,98,71,25,23,27
205,98,392,1977,2323,2370
206,98,1600,2358,2745,2559
207,98,409,508,547,504
208,98,480,753,829,762
209,98,209,155,149,147
210,98,80,56,76,63
211,98,19,0,0,0
165,99,259,159,227,264
166,99,3,0,0,0
170,99,119,187,117,132
171,99,206,96,121,75
172,99,2,0,0,0
180,99,5,0,0,0
183,99,4,5,9,9
188,99,15,11,6,9
189,99,4,2,6,3
190,99,34,25,18,24
201,99,46,0,0,0
202,99,14,58,63,60
204,99,1119,249,199,267
205,99,828,965,811,912
206,99,5060,3438,3511,3642
207,99,2274,3291,3389,3210
208,99,1583,685,490,675
209,99,88,66,66,63
210,99,122,129,144,147
211,99,46,29,32,42
212,99,18,1,0,3
216,99,2,8,10,12
217,99,14,9,7,9
218,99,11,7,9,9
220,99,0,2,5,12
221,99,23,21,31,30
222,99,1,0,0,0
165,100,2,258,272,249
166,100,87,0,2,0
169,100,1,0,0,0
170,100,0,40,47,57
171,100,39,20,12,18
172,100,5,7,3,6
181,100,6,5,4,3
189,100,0,0,9,0
190,100,0,10,9,3
202,100,8,0,0,0
203,100,9,7,6,6
204,100,213,184,261,174
205,100,2871,3027,3215,3000
206,100,788,986,814,993
208,100,14,1,0,3
209,100,83,82,90,84
210,100,65,56,60,60
211,100,1,20,25,24
212,100,13,21,27,24
213,100,0,9,8,3
214,100,1,20,14,15
215,100,15,6,11,12
216,100,14,5,3,3
217,100,0,5,11,12
219,100,0,15,21,18
220,100,9,7,16,6
221,100,11,8,12,9
222,100,1,0,0,0
175,101,0,7,7,12
176,101,185,101,112,111
177,101,5,1,0,3
180,101,1,0,0,0
181,101,0,2,0,3
182,101,57,92,98,90
183,101,58,0,0,0
184,101,6,6,5,3
205,101,92,11,12,9
206,101,0,2,0,0
208,101,10,0,0,0
209,101,148,108,87,93
210,101,341,326,323,348
211,101,79,96,78,75
212,101,49,54,45,45
213,101,21,21,18,24
214,101,11,7,12,12
215,101,5,5,7,6
216,101,7,3,0,6
217,101,0,7,3,3
218,101,9,19,19,21
219,101,15,0,0,0
176,102,125,119,106,108
177,102,46,105,111,99
178,102,0,1,1,0
182,102,13,17,15,15
183,102,61,58,59,48
202,102,10,14,15,15
203,102,6,6,7,9
204,102,7,8,6,6
205,102,2,0,2,0
206,102,3,0,0,0
207,102,0,5,5,6
208,102,19,19,14,18
209,102,12,16,12,9
210,102,19,62,66,63
211,102,51,53,54,60
215,102,4,15,5,9
216,102,1,1,12,9
217,102,30,26,29,30
218,102,11,10,7,6
176,103,49,50,55,51
180,103,2,5,3,0
183,103,5,6,9,9
202,103,4,4,2,3
205,103,5,0,0,0
207,103,9,9,9,6
208,103,34,27,33,24
211,103,0,1,0,0
212,103,5,0,0,0
214,103,0,13,11,15
215,103,31,25,18,15
216,103,28,37,29,42
217,103,0,0,10,3
176,104,10,9,5,0
180,104,5,0,0,0
181,104,1,1,1,0
183,104,10,8,8,6
185,104,2,1,0,0
200,104,2,2,1,0
201,104,14,12,11,12
204,104,0,0,0,3
205,104,0,2,4,0
206,104,2,2,2,0
207,104,6,10,8,9
208,104,4,4,0,3
212,104,8,27,28,27
213,104,52,46,26,36
214,104,683,649,621,591
215,104,26,29,39,48
216,104,8,8,4,3
217,104,23,24,16,21
178,105,1,1,1,0
182,105,5,4,2,3
183,105,11,2,1,6
184,105,22,21,25,36
185,105,7,4,8,6
187,105,3,1,0,0
199,105,2,4,8,6
200,105,1,1,1,0
201,105,0,0,1,0
203,105,6,6,4,0
207,105,3,6,4,6
208,105,18,11,12,12
213,105,18,19,23,18
214,105,11,14,18,24
219,105,8,6,3,0
220,105,0,2,2,0
159,106,258,110,86,90
178,106,0,15,11,9
179,106,49,0,0,0
182,106,2,3,1,0
183,106,47,42,40,36
184,106,0,5,0,3
185,106,0,3,1,0
199,106,8,3,3,0
207,106,5,7,4,9
208,106,12,15,21,18
209,106,7,0,0,0
220,106,4,3,5,3
221,106,2,5,2,3
158,107,2,1,1,0
159,107,107,309,299,300
178,107,0,47,25,54
179,107,20,12,32,6
180,107,1,3,4,3
181,107,29,47,42,45
182,107,87,69,64,72
184,107,56,53,55,51
185,107,12,0,0,0
186,107,24,22,17,15
199,107,0,2,2,0
207,107,6,2,4,6
208,107,2,2,1,6
209,107,7,8,9,9
221,107,44,35,26,27
227,107,7,8,6,3
228,107,2,1,3,3
160,108,1,1,1,0
175,108,2,2,2,3
176,108,2,2,2,3
179,108,60,23,19,24
180,108,52,74,80,75
181,108,5,8,15,9
182,108,63,49,46,42
184,108,39,53,36,27
186,108,16,8,4,0
187,108,2,0,0,0
207,108,4,3,4,0
221,108,21,14,11,9
226,108,2,9,2,0
227,108,9,0,0,0
175,109,7,6,3,3
176,109,1,1,0,0
179,109,4,2,2,0
180,109,0,2,2,0
182,109,0,0,1,0
192,109,2,2,0,0
194,109,0,7,5,3
195,109,4,0,0,0
224,109,3,1,0,0
225,109,3,4,2,0
171,110,3,3,2,0
175,110,4,2,2,0
176,110,35,32,21,24
181,110,1,1,1,0
222,110,24,24,17,18
223,110,28,36,31,30
162,111,57,46,37,36
171,111,37,37,39,36
172,111,14,6,4,0
176,111,3,2,0,0
179,111,35,33,28,27
183,111,7,0,9,0
184,111,0,7,0,9
162,112,16,17,18,15
171,112,57,67,70,66
172,112,21,8,8,9
177,112,0,2,3,0
178,112,9,4,2,3
179,112,8,5,2,0
179,113,23,8,11,9
180,113,2,2,2,3
184,113,0,0,2,0
185,113,4,2,2,0
179,114,25,67,65,66
180,114,29,0,0,0
184,114,4,4,5,3
185,114,7,32,43,51
186,114,137,38,24,24
255,114,1,1,0,0
179,115,8,0,0,0
180,115,5,2,2,3
184,115,2,2,2,0
185,115,21,66,93,96
186,115,10,28,11,12
187,115,20,12,17,21
188,115,1,0,0,0
189,115,5,4,3,0
254,115,5,7,9,10
180,116,53,26,11,21
181,116,20,114,101,93
183,116,7,0,0,0
184,116,0,6,4,0
185,116,0,1,3,3
186,116,0,5,8,9
187,116,6,4,0,3
188,116,6,5,3,0
190,116,1,0,0,0
191,116,2,2,5,0
192,116,6,9,5,12
253,116,0,0,1,0
254,116,3,5,5,8
180,117,54,21,25,15
181,117,59,16,16,15
184,117,50,49,38,36
187,117,2,0,0,0
191,117,12,17,10,9
254,117,0,0,2,0
186,118,17,15,7,24
187,118,2,13,15,15
188,118,31,49,53,69
189,118,62,63,74,66
185,119,73,82,71,69
186,119,21,11,40,12
187,119,17,2,1,0
188,119,128,104,129,123
189,119,3,2,2,0
194,119,1,0,0,0
232,119,0,1,0,0
251,119,2,2,3,2
184,120,0,3,0,0
185,120,29,33,35,33
186,120,2,0,1,0
187,120,7,11,7,9
188,120,2,10,6,9
189,120,79,67,71,60
190,120,9,9,7,3
191,120,4,0,0,0
192,120,9,2,2,0
193,120,3,5,0,0
194,120,4,12,2,6
195,120,5,2,2,0
167,121,4,24,11,9
184,121,27,0,0,0
185,121,8,1,1,0
186,121,5,0,0,0
187,121,15,2,1,0
188,121,18,5,2,3
189,121,1,0,0,0
190,121,55,71,57,57
191,121,274,353,326,354
192,121,201,62,78,48
193,121,10,0,0,0
194,121,10,0,4,0
196,121,24,21,19,18
197,121,13,15,18,18
198,121,6,5,7,0
199,121,3,4,2,3
167,122,18,0,0,0
184,122,2,19,18,24
185,122,0,4,9,0
186,122,0,10,14,15
187,122,0,5,5,6
189,122,3,2,1,0
191,122,56,99,100,96
192,122,7,60,58,69
193,122,17,10,11,6
194,122,22,22,11,12
195,122,23,36,38,36
196,122,31,23,19,18
197,122,1,0,0,0
186,123,27,24,24,24
187,123,2,17,26,24
188,123,15,10,10,12
189,123,5,5,5,0
190,123,200,125,175,138
191,123,90,137,97,135
192,123,17,34,29,30
193,123,29,42,34,30
194,123,21,2,3,3
196,123,7,0,0,0
214,123,6,0,0,0
233,123,14,8,10,9
234,123,0,4,4,3
183,124,31,30,28,24
184,124,106,79,75,57
186,124,0,0,1,0
187,124,16,0,0,0
188,124,144,133,114,132
189,124,27,10,16,12
190,124,139,166,158,147
191,124,0,1,4,0
195,124,0,1,1,0
213,124,0,11,11,6
214,124,24,15,10,15
233,124,4,0,1,0
239,124,3,0,0,0
240,124,1,1,0,0
186,125,25,22,20,18
187,125,0,21,21,15
188,125,6,29,40,30
190,125,69,46,54,54
191,125,7,14,7,12
192,125,35,43,33,36
194,125,3,3,3,0
195,125,1,0,0,0
199,125,36,0,0,0
200,125,196,29,25,24
214,125,9,22,23,21
239,125,0,4,5,3
240,125,2,2,2,0
186,126,0,0,5,0
187,126,72,59,58,51
188,126,47,31,30,24
189,126,13,11,10,3
190,126,17,10,7,0
191,126,16,17,14,9
192,126,4,0,0,0
195,126,0,39,12,21
196,126,59,86,94,84
197,126,4,0,0,0
199,126,342,308,328,279
200,126,609,856,728,783
214,126,13,4,3,9
215,126,6,17,11,6
237,126,2,0,0,0
188,127,6,0,0,0
193,127,10,8,2,3
194,127,75,85,91,93
195,127,450,512,497,486
196,127,187,109,113,102
215,127,2,10,3,6
236,127,2,11,4,3
238,127,24,24,18,21
239,127,1,0,0,0
192,128,0,1,0,3
193,128,0,11,13,9
194,128,445,761,734,777
195,128,328,160,145,144
196,128,2,0,2,0
215,128,18,11,13,12
216,128,0,0,2,0
231,128,12,13,10,9
234,128,13,0,0,0
235,128,14,14,14,15
236,128,38,10,20,12
192,129,11,3,3,0
193,129,145,98,92,87
194,129,873,744,745,762
195,129,12,0,0,0
196,129,6,7,4,3
197,129,2,2,1,0
214,129,3,3,2,0
215,129,3,10,7,9
216,129,5,3,3,9
230,129,2,4,4,0
231,129,2,2,1,3
234,129,0,15,12,9
190,130,0,0,3,0
191,130,41,14,25,27
192,130,173,26,29,18
193,130,36,26,42,30
194,130,0,1,0,6
215,130,9,12,4,3
216,130,17,31,31,33
220,130,8,0,0,0
229,130,6,2,6,0
230,130,1,3,2,3
188,131,24,25,20,24
191,131,45,59,43,63
192,131,251,361,370,366
193,131,46,110,88,87
194,131,24,44,35,27
195,131,9,11,7,3
215,131,2,2,1,0
216,131,18,0,0,0
217,131,4,2,5,6
218,131,4,2,8,0
219,131,7,3,5,0
220,131,6,6,4,6
221,131,1,1,1,0
229,131,12,7,7,6
188,132,16,6,6,0
190,132,25,28,21,30
191,132,4,2,3,0
192,132,8,16,14,12
193,132,5,0,0,0
194,132,20,0,2,0
217,132,17,59,66,54
218,132,36,6,2,9
219,132,4,0,1,0
229,132,36,31,29,30
193,133,1,12,5,3
194,133,53,87,65,60
195,133,41,39,38,27
199,133,1,1,0,0
217,133,111,109,101,102
218,133,0,8,1,3
229,133,26,32,33,33
230,133,1,0,0,0
194,134,3,4,2,0
196,134,54,44,57,57
199,134,17,30,26,18
200,134,20,18,22,27
203,134,3,2,1,0
217,134,11,5,8,6
218,134,8,12,17,21
219,134,5,5,3,0
229,134,27,87,90,84
230,134,52,8,4,0
232,134,10,8,17,21
233,134,2,7,2,3
234,134,10,5,3,0
200,135,30,29,21,21
201,135,0,4,2,0
203,135,0,16,13,12
204,135,19,0,0,0
217,135,4,0,0,0
218,135,17,15,17,12
220,135,3,0,0,0
228,135,18,0,0,0
229,135,96,119,132,135
230,135,0,0,2,0
231,135,6,7,6,12
232,135,0,1,8,0
198,136,3,2,3,0
199,136,19,13,7,12
200,136,0,0,5,0
201,136,3,16,15,15
202,136,19,0,0,0
204,136,8,8,1,0
205,136,4,8,8,0
214,136,12,0,0,0
216,136,0,3,1,3
217,136,68,87,86,72
218,136,46,58,56,69
229,136,69,47,43,45
230,136,21,22,14,21
231,136,0,0,3,3
232,136,0,0,1,0
199,137,1,1,4,6
200,137,145,42,47,45
201,137,8,28,20,30
205,137,0,2,0,0
212,137,22,26,35,18
213,137,167,153,149,162
214,137,27,49,40,36
215,137,41,59,62,54
216,137,59,58,52,51
217,137,115,95,88,99
218,137,0,1,0,0
219,137,6,3,0,0
222,137,0,0,1,0
228,137,0,0,1,0
229,137,298,310,338,303
230,137,19,34,13,30
231,137,12,9,7,6
232,137,17,16,11,15
233,137,11,8,8,9
200,138,325,269,283,279
201,138,213,321,336,312
202,138,5,8,8,9
203,138,1,0,0,0
205,138,10,0,8,0
206,138,4,9,3,12
212,138,63,75,57,51
213,138,4,0,0,0
229,138,277,229,190,219
232,138,2,2,10,6
233,138,12,14,15,12
195,139,1,0,0,0
201,139,8,16,15,12
202,139,15,8,6,9
204,139,12,0,0,0
205,139,10,19,16,21
206,139,0,3,2,0
212,139,24,22,24,24
221,139,4,0,0,0
222,139,0,12,14,9
226,139,0,1,0,0
229,139,107,140,131,135
230,139,21,4,7,3
201,140,71,57,59,54
204,140,3,5,2,3
205,140,28,25,20,18
206,140,21,17,15,18
207,140,29,27,24,24
220,140,2,2,2,0
221,140,20,12,19,18
222,140,24,19,12,15
223,140,6,1,0,0
226,140,0,1,0,0
230,140,102,113,107,108
200,141,6,3,2,6
201,141,11,11,10,9
204,141,27,20,21,12
206,141,13,3,5,3
207,141,6,3,0,0
208,141,10,12,13,12
212,141,2,2,1,0
221,141,22,14,12,18
223,141,0,0,1,0
227,141,5,0,4,0
228,141,0,5,0,0
230,141,118,118,127,135
231,141,2,0,0,0
200,142,36,63,57,54
201,142,21,0,0,0
204,142,2,4,1,0
205,142,0,0,2,0
206,142,97,115,114,102
207,142,23,0,0,0
208,142,1,1,1,0
221,142,8,13,15,15
222,142,10,29,24,15
227,142,1,0,0,0
228,142,0,2,1,0
229,142,4,156,159,147
230,142,224,210,215,204
243,142,1,0,0,0
198,143,33,0,0,0
199,143,40,59,74,60
200,143,11,0,2,0
201,143,70,57,61,66
202,143,0,1,0,0
203,143,17,18,16,15
205,143,5,2,2,0
206,143,6,73,94,93
207,143,102,29,26,36
221,143,27,32,18,18
224,143,0,3,0,0
229,143,397,173,172,159
230,143,376,889,756,873
231,143,7,164,131,141
232,143,10,7,6,6
233,143,2,0,3,0
194,144,3,0,0,0
198,144,12,0,0,0
199,144,146,160,143,147
201,144,70,57,53,51
202,144,18,57,65,72
204,144,10,9,8,9
205,144,3,2,1,0
206,144,0,14,1,0
207,144,0,0,10,12
220,144,3,0,0,0
221,144,87,167,157,156
222,144,218,127,121,135
228,144,4,3,6,0
229,144,2,10,7,9
230,144,1364,834,1051,915
231,144,437,353,359,396
232,144,40,45,41,36
244,144,1,9,0,0
194,145,3,9,3,0
195,145,19,16,5,0
199,145,11,16,20,27
200,145,5,7,17,15
202,145,8,0,0,0
204,145,1,0,0,0
205,145,0,0,1,3
210,145,1,0,0,0
220,145,12,11,11,12
221,145,10,12,13,3
229,145,9,0,1,0
230,145,139,133,149,141
232,145,5,0,0,0
243,145,19,0,0,0
245,145,4,5,0,0
205,146,1,1,0,3
207,146,4,3,2,3
219,146,13,18,17,18
220,146,1,1,2,0
221,146,0,6,4,0
230,146,23,19,14,18
231,146,48,51,48,45
245,146,32,24,37,27
205,147,16,11,16,18
206,147,4,0,0,0
207,147,0,11,2,9
208,147,34,8,19,12
209,147,10,22,12,12
210,147,14,26,35,36
211,147,42,32,29,30
212,147,10,9,13,15
216,147,0,10,15,12
219,147,6,7,7,3
230,147,3,3,1,0
231,147,3,0,0,0
232,147,51,71,47,54
243,147,50,93,93,66
244,147,257,213,186,213
245,147,134,135,123,105
207,148,26,39,37,33
208,148,26,23,11,21
209,148,21,8,4,9
210,148,13,0,9,0
211,148,24,31,25,33
212,148,8,19,32,27
213,148,10,0,1,0
214,148,60,46,44,45
216,148,17,2,2,3
217,148,1,3,3,0
219,148,16,14,22,24
220,148,56,27,25,24
221,148,11,4,3,3
229,148,2,2,2,0
231,148,2,0,0,0
232,148,15,7,29,9
237,148,0,1,1,0
242,148,0,2,3,6
243,148,191,172,160,150
210,149,11,27,29,36
211,149,0,0,5,0
212,149,5,29,26,27
213,149,171,120,187,135
214,149,3,5,7,6
217,149,4,2,1,0
220,149,11,35,26,42
221,149,6,14,11,6
224,149,62,63,67,57
225,149,53,62,51,63
227,149,1,1,1,3
231,149,6,0,0,0
232,149,3,1,3,0
236,149,0,0,1,0
237,149,4,2,3,0
210,150,22,1,6,3
211,150,36,72,74,78
212,150,110,91,162,111
213,150,222,281,212,312
214,150,26,61,67,63
215,150,56,12,21,18
216,150,9,6,6,6
217,150,6,5,2,0
219,150,36,34,37,36
220,150,5,0,0,0
221,150,116,123,104,99
222,150,46,24,24,24
224,150,3,0,0,3
229,150,74,54,66,63
230,150,4,18,23,18
233,150,4,5,2,0
199,151,1,1,4,0
206,151,11,15,12,15
207,151,53,1,0,0
208,151,380,93,24,138
209,151,568,32,0,36
214,151,0,23,20,18
215,151,123,21,15,30
220,151,47,38,35,30
221,151,1,2,4,6
226,151,0,9,3,0
227,151,5,4,4,3
228,151,47,18,20,21
229,151,4,46,22,42
230,151,217,217,232,180
232,151,39,45,68,63
233,151,3,0,0,0
234,151,8,13,15,15
193,152,17,8,14,9
199,152,2,1,1,0
207,152,6065,5897,6179,7404
208,152,6886,6979,8221,7281
209,152,5194,5219,5952,6225
210,152,3266,3548,3634,3735
211,152,666,1980,2561,2472
212,152,44,75,80,72
215,152,203,275,297,288
217,152,13,58,51,51
224,152,15,52,57,39
225,152,63,49,50,48
226,152,44,23,16,24
227,152,7,0,4,0
228,152,1,184,123,168
229,152,2542,1764,1857,1866
230,152,1196,645,666,615
231,152,123,67,62,63
232,152,91,80,60,69
193,153,0,9,0,6
207,153,167,167,156,141
208,153,5708,7075,7348,7392
209,153,557,1427,1233,1458
210,153,397,7,10,15
211,153,4000,3072,2981,3201
212,153,2522,3032,3394,3201
213,153,192,274,293,288
214,153,46,3,12,6
215,153,2708,2293,2475,2328
216,153,1,1,1,3
217,153,74,59,92,87
218,153,0,2,10,9
219,153,2,6,9,9
223,153,49,61,74,63
224,153,46,69,67,87
226,153,56,51,51,48
227,153,12,29,28,30
228,153,93,100,94,102
229,153,572,1724,1910,1782
230,153,1656,1816,1806,1929
231,153,21,0,0,0
208,154,0,590,565,609
209,154,1140,1129,1228,1245
210,154,14,19,7,18
211,154,10,5,10,3
212,154,6,0,1,0
213,154,47,46,36,36
214,154,2,14,5,3
215,154,346,888,877,1041
216,154,0,1,1,0
217,154,19,10,10,12
218,154,3,1,4,0
219,154,5,2,5,0
220,154,14,18,25,30
221,154,3,2,3,0
223,154,36,0,0,0
224,154,298,397,411,402
225,154,43,131,139,126
229,154,78,37,53,48
230,154,23,60,78,78
231,154,0,17,23,30
209,155,0,37,56,39
210,155,37,18,10,9
211,155,12,12,14,9
212,155,37,28,28,30
213,155,16,16,12,12
215,155,3,67,48,75
221,155,0,4,3,0
222,155,6,5,10,9
223,155,1,1,0,0
224,155,244,73,73,57
225,155,79,90,94,123
226,155,72,69,71,72
227,155,2,1,0,0
229,155,37,33,35,30
230,155,80,78,81,93
231,155,29,28,46,36
232,155,0,7,0,3
210,156,30,50,46,48
211,156,57,54,57,57
215,156,0,5,3,6
216,156,16,14,16,15
224,156,53,44,52,48
225,156,7,6,10,3
226,156,72,73,71,78
230,156,27,26,29,30
231,156,23,11,16,12
232,156,33,36,42,42
153,157,7,1,0,0
204,157,1,6,2,12
211,157,78,79,91,90
212,157,3,9,8,12
217,157,5,4,9,12
225,157,24,27,23,21
226,157,112,115,129,108
227,157,21,16,14,21
230,157,13,1,1,0
231,157,26,68,63,54
232,157,20,31,30,33
233,157,346,354,357,363
196,158,54,77,85,84
197,158,0,5,1,3
204,158,38,31,36,27
207,158,11,2,6,0
211,158,4,0,0,0
212,158,304,282,336,348
213,158,8,29,35,54
226,158,17,24,19,15
227,158,33,28,33,39
231,158,45,38,39,33
232,158,40,22,23,24
233,158,497,504,577,528
234,158,27,18,28,18
196,159,18,1,3,0
197,159,8,3,3,0
198,159,0,3,2,0
207,159,0,10,0,3
212,159,92,83,82,84
213,159,37,70,88,90
214,159,2,2,0,0
226,159,6,11,7,12
227,159,6,10,7,0
228,159,17,2,3,3
232,159,39,49,48,48
233,159,9,8,10,12
234,159,33,26,30,30
197,160,2,0,0,0
198,160,5,7,12,6
207,160,0,1,0,0
212,160,14,0,1,0
227,160,9,0,0,0
228,160,0,19,17,18
232,160,4,0,0,0
233,160,7,14,10,12
234,160,5,11,10,6
235,160,31,21,27,30
236,160,8,0,0,0
156,161,0,1,0,0
215,161,101,104,102,105
227,161,2,2,1,0
231,161,5,4,5,3
232,161,2,1,1,0
233,161,0,0,2,0
234,161,65,38,43,48
235,161,28,53,58,63
236,161,0,2,2,0
239,161,0,2,2,0
156,162,22,0,0,0
157,162,12,54,70,45
214,162,2,5,5,0
216,162,0,2,3,0
230,162,15,11,11,6
231,162,51,59,60,63
234,162,6,5,3,0
235,162,1,1,1,0
239,162,2,0,0,0
157,163,306,232,167,177
158,163,216,316,279,264
230,163,46,52,37,57
231,163,6,2,0,0
232,163,34,31,30,30
235,163,9,0,0,0
236,163,9,21,20,18
158,164,18,0,0,0
213,164,4,0,0,0
214,164,29,27,36,36
218,164,0,2,11,12
225,164,9,9,8,6
230,164,164,57,36,60
232,164,62,70,70,81
236,164,5,4,2,0
237,164,2,1,0,0
213,165,12,0,0,0
214,165,49,63,58,63
217,165,4,3,4,3
218,165,4,0,0,0
219,165,3,0,0,0
220,165,9,8,8,12
230,165,57,132,183,156
231,165,4,5,6,3
232,165,12,11,7,3
233,165,6,1,1,0
214,166,23,10,4,6
215,166,158,180,192,180
216,166,7,7,8,12
222,166,0,0,1,0
228,166,2,1,0,0
230,166,6,0,0,0
232,166,1,1,0,0
216,167,9,13,22,21
217,167,11,8,11,15
230,167,26,12,7,9
231,167,54,63,54,51
232,167,3,2,1,0
217,168,0,0,0,3
228,168,1,1,0,0
229,168,2,1,1,0
230,168,4,3,4,3
233,168,0,1,0,0
219,169,2,1,6,9
222,169,7,6,10,9
234,169,0,2,1,0
170,170,13,12,17,21
224,170,1,1,1,0
235,170,7,7,2,0
236,170,2,1,0,0
169,171,141,16,38,18
170,171,430,515,510,522
235,171,15,13,11,6
236,171,1,3,2,0
237,171,53,41,35,30
238,171,27,29,20,21
239,171,2,4,14,12
169,172,42,84,53,54
170,172,3,54,89,45
235,172,11,7,3,6
238,172,19,16,13,18
239,172,11,17,16,18
240,172,11,0,0,0
169,173,0,2,0,0
170,173,38,39,34,36
235,173,3,3,2,0
239,173,0,6,4,0
214,174,2,1,1,0
218,174,7,8,15,12
234,174,3,2,1,0
239,174,23,10,5,9
240,174,4,6,5,0
241,174,2,0,0,0
218,175,15,8,0,6
219,175,23,31,30,24
220,175,27,9,9,6
224,175,3,0,0,0
220,176,19,21,9,24
221,176,11,7,11,9
224,176,0,2,1,0
225,176,0,0,2,0
214,177,86,89,88,87
215,177,9,11,4,6
216,177,56,39,29,30
221,177,14,17,21,15
222,177,20,16,10,12
223,177,3,0,0,0
229,177,2,1,0,0
236,177,37,27,26,18
237,177,40,49,33,36
214,178,140,129,138,135
215,178,90,94,85,84
216,178,55,71,81,84
219,178,8,22,14,18
220,178,0,4,1,6
222,178,15,6,5,6
223,178,13,13,17,21
225,178,1,1,1,0
236,178,1,2,5,0
237,178,28,49,36,42
218,179,15,12,13,12
219,179,41,22,22,24
220,179,4,3,1,0
221,179,5,5,8,6
222,179,19,4,7,6
223,179,13,16,14,27
238,179,2,2,1,0
239,179,3,2,1,0
215,180,6,6,6,6
219,180,320,334,345,345
220,180,8,8,5,0
221,180,18,14,13,9
222,180,47,58,54,57
223,180,123,70,80,93
224,180,79,127,161,156
239,180,1,1,0,0
215,181,0,0,1,0
216,181,8,9,12,12
218,181,17,19,17,15
219,181,41,37,45,45
220,181,25,26,20,24
222,181,4,3,2,0
225,181,27,5,6,6
212,182,0,2,2,0
214,182,5,5,4,6
215,182,13,16,12,12
220,182,12,1,4,3
225,182,30,44,43,39
226,182,5,5,5,0
175,183,95,76,83,69
213,183,3,0,3,0
214,183,96,87,82,81
221,183,5,5,6,6
228,183,1,1,1,0
175,184,53,31,21,30
176,184,425,436,419,396
177,184,1,0,0,0
221,184,7,5,7,9
222,184,9,11,13,12
226,184,0,1,0,0
227,184,1,0,1,0
239,184,2,1,2,0
176,185,34,13,10,12
177,185,27,55,53,45
215,185,11,7,2,0
216,185,5,6,6,3
217,185,1,2,4,0
218,185,7,6,6,6
219,185,0,4,2,0
220,185,8,0,1,6
221,185,0,7,9,6
222,185,14,9,6,6
223,185,5,3,3,3
239,185,1,3,1,0
240,185,0,0,1,0
177,186,222,137,150,123
178,186,23,6,22,9
216,186,32,33,17,24
219,186,8,10,5,9
220,186,6,4,5,6
221,186,2,0,0,0
222,186,10,9,13,15
223,186,5,1,1,0
224,186,1,0,0,0
237,186,0,1,0,0
238,186,4,0,0,0
239,186,3,1,0,0
240,186,2,0,0,0
177,187,118,230,194,219
178,187,126,107,91,69
219,187,15,4,8,6
220,187,28,33,27,30
221,187,9,6,5,3
222,187,154,160,143,144
223,187,3,6,7,9
224,187,41,34,25,24
236,187,2,2,2,0
238,187,5,4,2,0
239,187,0,1,0,0
240,187,1,0,0,0
249,187,0,1,1,0
175,188,2,3,3,0
176,188,15,1,2,3
177,188,1,0,1,0
178,188,0,6,6,9
215,188,0,2,0,0
216,188,3,0,0,0
217,188,8,11,8,6
218,188,74,67,63,54
219,188,70,34,34,39
220,188,17,52,31,72
221,188,70,77,78,75
222,188,44,43,27,39
225,188,27,22,12,21
226,188,0,3,2,3
236,188,8,3,5,9
243,188,1,0,0,0
244,188,1,0,2,0
249,188,1,0,0,0
175,189,1,0,0,0
217,189,27,58,68,78
218,189,41,66,60,66
219,189,2,0,0,0
220,189,63,10,23,12
221,189,41,8,2,6
222,189,41,33,38,27
223,189,27,36,41,51
224,189,7,2,4,0
225,189,0,0,4,0
226,189,10,4,7,9
227,189,0,5,4,6
228,189,5,5,4,0
230,189,6,6,5,0
236,189,12,13,7,6
237,189,0,3,1,0
243,189,37,19,11,6
244,189,7,21,14,21
175,190,4,0,0,0
176,190,3,4,1,0
179,190,8,8,8,9
180,190,0,9,6,12
218,190,44,23,16,21
219,190,6,0,0,0
220,190,0,1,4,6
221,190,16,17,9,6
222,190,0,14,13,15
223,190,17,7,6,6
228,190,8,0,0,3
229,190,9,7,5,0
230,190,4,2,1,0
236,190,7,9,1,0
243,190,3,3,3,0
179,191,37,58,63,51
180,191,76,85,71,63
181,191,3,0,0,0
182,191,0,1,0,0
218,191,28,42,51,33
219,191,0,16,11,12
220,191,24,16,15,21
237,191,19,20,29,18
242,191,4,1,0,0
177,192,0,0,1,0
179,192,95,44,31,36
182,192,16,2,11,0
183,192,8,28,12,21
220,192,7,16,4,0
237,192,96,144,187,180
238,192,73,8,0,0
239,192,3,0,0,0
178,193,5,11,13,6
179,193,6,2,6,6
180,193,5,26,9,15
181,193,47,34,42,33
220,193,7,0,0,0
226,193,12,2,2,3
227,193,6,6,2,0
228,193,9,10,13,6
229,193,17,15,12,9
230,193,11,12,11,18
231,193,6,3,1,0
236,193,13,8,13,12
237,193,0,8,3,3
238,193,0,3,3,0
239,193,3,0,0,0
246,193,0,3,0,0
247,193,6,0,0,0
178,194,8,11,6,9
179,194,30,0,0,0
180,194,35,41,54,54
186,194,0,59,46,63
187,194,0,4,6,0
224,194,191,191,176,159
225,194,19,6,23,6
226,194,14,24,29,27
228,194,0,5,5,3
230,194,2,0,0,0
232,194,9,8,6,6
233,194,3,2,4,3
234,194,11,8,7,12
237,194,2,0,0,0
238,194,1,1,0,0
246,194,0,0,1,0
178,195,25,57,61,57
179,195,97,105,113,99
180,195,40,157,164,171
182,195,31,40,34,27
185,195,3,4,0,3
186,195,112,215,350,270
187,195,669,604,497,624
188,195,0,0,5,0
189,195,15,13,8,12
225,195,10,32,26,18
226,195,44,13,6,15
242,195,58,84,52,54
178,196,1,14,13,9
179,196,2,2,1,0
180,196,147,87,118,102
181,196,15,4,3,0
182,196,7,12,8,9
185,196,40,22,19,21
186,196,6,32,50,33
187,196,216,186,153,159
188,196,0,1,3,3
189,196,34,31,37,36
190,196,13,18,16,21
191,196,5,0,0,0
226,196,28,35,41,39
227,196,6,2,2,0
233,196,3,4,3,0
238,196,12,17,17,15
239,196,65,46,37,51
240,196,36,75,91,93
241,196,86,117,141,132
242,196,68,27,46,39
245,196,0,0,1,0
180,197,2,0,0,0
182,197,69,58,45,48
183,197,3,9,3,6
185,197,60,69,50,57
186,197,650,604,602,669
187,197,328,599,664,579
188,197,0,25,25,15
189,197,123,117,109,132
190,197,133,124,130,147
191,197,16,5,19,6
192,197,42,12,9,18
193,197,21,0,0,0
226,197,8,11,11,9
227,197,28,24,22,21
228,197,1,0,0,0
233,197,0,1,1,0
234,197,1,0,0,0
238,197,4,13,15,9
239,197,25,39,35,42
240,197,242,302,346,324
241,197,23,8,0,0
245,197,1,0,0,0
246,197,3,2,1,0
181,198,19,11,7,9
182,198,54,73,74,78
183,198,65,51,52,48
184,198,178,226,225,219
185,198,12,20,21,21
186,198,845,549,535,561
187,198,78,210,268,222
188,198,197,363,437,540
189,198,75,123,125,108
190,198,13,2,8,0
191,198,30,33,16,18
192,198,663,27,4,30
193,198,183,674,749,711
227,198,13,12,11,12
228,198,15,24,21,18
229,198,34,23,18,12
230,198,485,414,476,471
231,198,27,96,88,81
232,198,0,0,2,0
236,198,0,2,1,0
237,198,1,0,0,0
245,198,1,0,1,0
246,198,3,1,1,0
182,199,0,3,2,3
183,199,17,11,11,12
184,199,10,19,19,12
186,199,90,69,90,105
187,199,494,125,207,267
188,199,2132,2228,2471,2421
189,199,111,289,325,300
190,199,48,9,5,9
191,199,130,129,130,114
192,199,96,158,198,168
193,199,115,258,258,282
227,199,0,0,1,0
228,199,17,29,26,30
229,199,10,13,3,9
230,199,0,1,1,3
235,199,8,15,12,15
236,199,16,13,10,9
237,199,3,0,0,0
246,199,13,12,8,6
182,200,1,0,1,0
185,200,3,2,2,3
186,200,20,19,16,18
187,200,36,40,46,48
188,200,284,253,308,342
189,200,21,5,22,3
191,200,30,76,93,93
192,200,18,22,13,24
193,200,20,1,0,0
200,200,465,434,501,495
201,200,0,13,9,12
209,200,0,0,2,0
226,200,1,0,0,0
227,200,9,11,14,9
228,200,2,0,1,0
229,200,8,5,4,3
230,200,2,2,0,0
231,200,17,14,12,6
232,200,2,1,1,0
234,200,2,6,5,0
235,200,60,91,85,87
245,200,21,112,111,96
246,200,922,703,652,639
247,200,1,0,0,0
186,201,21,3,3,3
187,201,59,55,52,51
188,201,102,85,74,72
189,201,109,112,120,108
192,201,2,0,0,0
193,201,5,0,2,3
209,201,153,7,0,9
210,201,82,199,198,195
226,201,16,24,18,27
227,201,10,3,6,3
229,201,0,0,2,0
230,201,13,13,19,24
231,201,4,1,1,0
232,201,11,11,9,6
234,201,4,0,0,0
235,201,162,130,139,129
236,201,14,14,13,15
239,201,0,0,1,0
246,201,4,90,85,99
247,201,0,1,0,0
185,202,0,0,5,0
186,202,29,19,16,27
187,202,6,0,0,0
188,202,3,6,7,6
189,202,182,180,188,171
190,202,55,20,19,24
192,202,2,3,3,0
193,202,10,24,30,18
194,202,20,42,21,48
195,202,58,38,44,27
196,202,9,10,10,6
197,202,2,3,4,3
203,202,26,34,44,51
204,202,12,0,10,0
227,202,1,3,2,0
228,202,2,0,0,0
230,202,4,20,20,12
231,202,33,20,13,30
235,202,8,8,10,9
236,202,17,17,12,6
238,202,2,2,2,0
240,202,3,3,3,0
244,202,19,14,12,9
186,203,0,10,10,6
189,203,53,58,45,51
190,203,136,120,122,111
193,203,17,3,3,6
194,203,2,0,0,0
196,203,0,3,2,0
197,203,35,28,21,24
201,203,9,10,11,12
203,203,116,112,114,111
204,203,372,353,325,351
205,203,678,543,620,624
206,203,989,845,1070,969
230,203,0,0,1,0
231,203,5,10,12,18
232,203,17,4,13,6
236,203,7,9,6,6
237,203,1,0,0,3
240,203,2,2,1,0
243,203,13,8,9,15
245,203,3,2,2,0
246,203,0,1,0,0
187,204,2,18,12,18
188,204,122,91,91,93
189,204,98,120,138,138
190,204,253,259,239,255
191,204,16,31,27,27
192,204,17,8,7,0
193,204,21,22,24,27
194,204,7,3,4,0
197,204,10,4,4,6
198,204,32,17,10,15
200,204,9,7,8,3
201,204,0,3,2,0
204,204,0,42,42,33
205,204,110,256,251,297
206,204,114,317,228,366
207,204,0,1,4,84
229,204,2,0,0,0
230,204,2,29,27,24
231,204,46,21,19,21
235,204,0,3,3,0
236,204,4,0,0,0
238,204,11,9,17,18
239,204,15,18,8,6
240,204,7,3,8,3
246,204,0,0,1,0
187,205,12,16,14,21
188,205,48,38,46,39
189,205,55,41,51,54
190,205,42,0,3,0
191,205,156,193,206,213
192,205,83,68,79,75
193,205,10,19,11,18
194,205,2,5,3,0
195,205,11,4,3,3
196,205,7,20,7,15
198,205,1,5,7,6
199,205,1,0,0,0
201,205,27,30,29,33
202,205,34,34,33,27
206,205,0,12,54,54
207,205,1771,3490,3749,3630
208,205,1082,682,832,774
209,205,5,9,2,9
211,205,0,0,1,0
212,205,6,0,0,0
213,205,7,12,9,3
214,205,4,7,3,0
238,205,60,51,63,72
239,205,40,13,15,18
240,205,3,2,0,6
247,205,3,0,0,0
250,205,0,2,1,0
187,206,17,6,0,0
190,206,24,29,27,21
191,206,23,16,15,18
192,206,1,11,9,12
193,206,7,0,0,0
194,206,55,58,42,54
195,206,26,24,21,18
196,206,35,9,11,9
197,206,21,38,26,30
198,206,1,0,0,0
199,206,2,2,3,0
201,206,8,14,19,18
202,206,11,3,0,0
203,206,2,0,0,0
207,206,582,179,98,183
208,206,465,12,0,9
209,206,8,8,26,12
210,206,18,15,7,15
212,206,0,4,1,0
238,206,6,1,1,0
239,206,8,30,31,30
246,206,6,2,4,0
247,206,0,3,4,0
250,206,2,0,0,0
189,207,0,0,12,9
190,207,9,5,3,3
191,207,0,6,7,6
192,207,2,4,0,0
193,207,21,15,23,21
194,207,29,20,20,21
195,207,38,29,18,27
196,207,1,2,3,0
197,207,18,12,18,18
198,207,0,2,0,0
199,207,0,4,7,6
200,207,5,5,6,3
201,207,9,5,3,6
202,207,32,74,86,81
203,207,0,42,39,36
208,207,1,0,0,0
209,207,0,3,1,3
217,207,17,18,13,15
238,207,19,9,17,12
239,207,8,16,17,18
242,207,1,1,0,0
243,207,0,1,0,0
244,207,2,4,3,0
246,207,1,1,0,0
188,208,0,11,13,9
189,208,86,66,59,66
192,208,2,13,31,15
193,208,84,62,23,45
194,208,2,0,0,0
195,208,7,6,5,3
196,208,15,18,13,15
197,208,4,7,11,15
198,208,7,7,9,12
201,208,5,3,4,6
202,208,73,112,87,102
203,208,3,1,0,3
209,208,0,0,1,3
210,208,3,8,12,12
215,208,0,15,12,9
217,208,5,0,0,0
219,208,0,4,1,0
236,208,0,1,1,0
238,208,74,52,43,39
239,208,0,4,2,3
244,208,5,2,1,3
245,208,6,4,6,6
250,208,0,1,0,0
192,209,0,1,1,0
193,209,3,7,9,6
194,209,13,10,8,9
195,209,8,5,9,3
196,209,14,11,6,6
197,209,2,1,3,6
198,209,9,6,2,3
199,209,47,57,69,69
200,209,58,41,38,33
206,209,2,0,0,0
208,209,0,1,1,0
213,209,0,0,2,3
214,209,0,3,3,3
215,209,0,0,1,0
216,209,19,18,15,18
217,209,16,13,16,6
218,209,24,34,16,9
236,209,1,0,0,0
245,209,2,2,0,0
250,209,1,0,1,0
252,209,11,10,6,6
253,209,4,4,2,0
193,210,0,1,3,0
194,210,2,3,9,0
195,210,23,20,11,12
197,210,7,8,8,9
198,210,11,21,9,12
199,210,26,31,31,27
202,210,23,23,30,30
205,210,0,0,5,0
206,210,26,31,28,24
208,210,1,0,0,0
209,210,3,4,9,9
210,210,22,40,50,51
211,210,8,8,11,15
216,210,64,53,59,48
217,210,9,0,0,0
218,210,0,5,5,9
244,210,7,8,7,3
250,210,17,15,5,6
252,210,5,5,5,6
204,211,0,1,0,0
205,211,16,9,12,12
210,211,17,16,14,12
211,211,86,84,75,69
220,211,0,3,4,0
228,211,10,1,2,0
229,211,40,43,29,42
230,211,3,16,25,12
247,211,2,5,8,0
249,211,4,7,1,0
250,211,3,3,1,0
251,211,1,2,2,0
252,211,3,2,5,3
210,212,36,55,56,51
211,212,64,56,67,60
217,212,3,3,3,0
224,212,6,4,2,0
225,212,8,5,4,3
226,212,49,29,36,12
227,212,21,28,16,30
228,212,25,19,10,12
229,212,28,22,24,24
230,212,27,21,17,21
245,212,0,2,0,0
246,212,13,11,13,15
247,212,0,1,1,0
248,212,4,2,2,0
250,212,5,2,0,3
251,212,1,6,4,9
252,212,20,24,11,12
203,213,13,0,0,0
204,213,235,244,246,243
205,213,61,74,64,75
207,213,3,3,3,0
210,213,0,1,0,0
212,213,6,2,1,0
221,213,3,2,2,6
223,213,7,4,4,3
224,213,33,24,20,21
225,213,31,29,28,30
226,213,31,23,26,24
227,213,2,9,2,6
230,213,2,2,6,6
241,213,1,0,0,0
244,213,26,17,18,15
245,213,6,8,12,12
249,213,0,1,2,3
250,213,26,20,16,18
251,213,18,18,20,15
252,213,44,64,56,54
253,213,10,2,6,0
254,213,4,0,0,0
205,214,9,16,30,33
206,214,21,21,15,21
207,214,0,0,1,0
210,214,2,0,2,0
212,214,1,4,1,0
218,214,6,7,4,0
223,214,1,0,0,0
224,214,6,3,6,6
230,214,2,1,0,0
231,214,25,24,18,18
232,214,10,3,4,3
242,214,0,4,6,0
243,214,0,1,2,0
248,214,9,4,2,0
249,214,15,17,16,18
250,214,1,0,0,0
251,214,2,4,1,0
252,214,61,64,69,66
253,214,206,423,420,390
254,214,600,232,219,228
255,214,44,9,13,9
206,215,13,12,5,0
207,215,2,1,2,6
209,215,4,4,3,0
210,215,0,5,6,0
211,215,1,0,0,0
212,215,0,1,0,0
218,215,0,7,2,0
219,215,15,9,4,6
223,215,6,5,5,6
224,215,4,5,2,0
225,215,2,0,0,0
230,215,0,0,3,0
231,215,13,10,7,15
232,215,6,4,5,3
234,215,0,0,3,3
242,215,22,21,15,15
243,215,0,0,5,3
248,215,11,6,2,3
249,215,21,17,19,18
252,215,15,0,0,0
253,215,88,30,34,33
254,215,453,620,665,630
255,215,45,56,74,63
208,216,34,29,35,39
209,216,17,5,4,6
210,216,71,60,70,60
211,216,11,15,10,15
212,216,30,47,43,51
219,216,10,9,8,9
220,216,10,5,3,0
223,216,5,5,4,0
230,216,0,1,1,0
231,216,3,10,4,0
232,216,6,0,0,0
233,216,2,1,1,0
234,216,6,4,5,3
235,216,10,14,3,3
236,216,250,340,322,267
244,216,5,3,2,0
245,216,7,5,1,0
248,216,3,2,1,3
249,216,5,11,15,12
253,216,0,0,4,0
254,216,9,12,11,15
255,216,65,85,74,78
213,217,8,8,5,0
214,217,2,0,0,0
216,217,3,5,5,0
219,217,1,1,1,0
220,217,3,7,4,3
233,217,8,6,7,9
234,217,1,0,0,0
236,217,1463,1419,1374,1350
237,217,63,0,0,0
242,217,1,0,0,0
247,217,4,0,0,0
249,217,5,4,1,3
250,217,17,26,32,21
254,217,66,44,47,45
255,217,65,92,95,102
213,218,0,4,2,12
214,218,0,0,6,0
216,218,1,1,1,3
217,218,1,0,2,0
219,218,0,2,0,0
232,218,0,1,2,0
233,218,3,0,4,0
236,218,21,5,1,3
239,218,17,13,5,6
241,218,0,1,0,0
242,218,2,4,7,6
243,218,16,39,35,33
244,218,23,10,11,15
245,218,0,2,5,3
247,218,0,1,1,0
248,218,7,6,4,0
249,218,26,29,30,33
250,218,163,153,138,138
251,218,15,9,14,12
252,218,33,34,21,18
253,218,17,14,17,15
254,218,15,21,26,24
218,219,7,6,6,6
219,219,4,2,5,0
221,219,1,0,0,0
222,219,2,1,0,0
234,219,9,6,8,9
235,219,0,0,5,3
236,219,7,2,3,0
237,219,0,2,2,0
239,219,43,43,27,30
240,219,0,2,0,6
243,219,9,0,0,0
244,219,5,0,0,0
245,219,3,0,0,0
249,219,0,6,8,6
250,219,16,0,0,0
251,219,6,2,4,3
252,219,8,0,0,0
209,220,6,0,0,0
210,220,38,119,131,144
211,220,1711,1532,1548,1575
212,220,493,605,654,636
213,220,125,90,86,72
214,220,2,8,16,6
220,220,10,1,0,0
221,220,2,0,0,0
234,220,1,5,5,3
237,220,36,25,32,33
238,220,0,5,7,6
245,220,4,4,2,0
248,220,27,11,8,9
249,220,29,9,22,15
208,221,0,5,0,3
209,221,63,37,50,54
210,221,1,9,12,15
214,221,63,46,35,33
220,221,2,11,6,6
221,221,8,0,1,0
247,221,1,0,1,0
248,221,5,18,1,15
249,221,67,79,95,87
250,221,35,31,31,33
251,221,18,41,32,30
252,221,10,13,18,18
208,222,41,22,22,18
209,222,9,0,0,0
214,222,18,35,31,36
215,222,46,43,53,63
219,222,41,38,45,33
220,222,114,88,83,81
221,222,36,52,49,48
234,222,2,0,0,0
238,222,1,0,0,0
246,222,38,16,32,15
247,222,262,248,216,228
248,222,2,4,0,0
249,222,4,0,0,0
250,222,12,0,0,0
251,222,1,6,4,0
252,222,4,0,0,0
253,222,2,0,0,0
254,222,199,153,173,156
207,223,5,9,5,9
208,223,7,0,0,0
210,223,13,10,12,12
212,223,100,43,96,36
213,223,1074,816,843,939
214,223,226,276,227,267
215,223,33,44,52,45
219,223,79,82,74,81
220,223,0,2,7,0
231,223,7,6,6,9
238,223,8,6,3,0
240,223,3,4,0,0
246,223,73,62,69,75
248,223,0,2,0,0
249,223,10,4,5,0
250,223,1,1,1,0
251,223,79,79,90,90
252,223,6,9,11,6
253,223,2,2,3,0
254,223,147,116,120,123
255,223,33,93,91,84
201,224,0,0,1,0
208,224,24,28,24,21
209,224,48,54,55,42
210,224,44,33,32,42
211,224,22,17,29,24
212,224,364,538,392,546
213,224,793,1021,1182,1059
214,224,683,626,696,663
216,224,0,2,8,0
219,224,9,6,9,9
220,224,25,19,15,27
221,224,32,1,11,0
222,224,0,1,1,0
231,224,4,5,13,9
238,224,0,1,0,0
239,224,2,2,2,0
241,224,2,0,0,0
243,224,6,6,6,6
245,224,4,4,10,0
249,224,9,12,7,12
250,224,26,48,40,33
251,224,64,57,46,48
255,224,48,53,54,57
203,225,4,6,3,3
204,225,65,136,135,114
205,225,7,11,12,15
209,225,19,0,0,0
212,225,2,85,104,111
213,225,385,355,370,354
214,225,59,61,75,72
215,225,38,34,32,42
216,225,24,25,30,36
220,225,10,16,18,15
221,225,5,37,37,51
222,225,2,0,0,0
231,225,15,13,11,12
232,225,19,22,13,18
237,225,3,0,1,0
238,225,3,1,2,0
240,225,10,6,2,3
241,225,17,2,0,6
242,225,38,19,13,15
243,225,7,36,35,30
244,225,30,30,22,18
245,225,8,35,22,42
246,225,146,98,99,75
247,225,11,0,0,0
248,225,20,44,39,36
249,225,210,150,160,150
250,225,49,98,94,93
251,225,40,53,62,54
252,225,48,44,42,45
255,225,0,2,0,0
203,226,359,152,194,183
204,226,403,549,477,486
205,226,32,24,22,21
206,226,93,66,59,57
207,226,42,46,26,30
210,226,2,2,2,0
211,226,42,51,37,33
212,226,37,56,54,51
213,226,3,0,0,0
214,226,1,1,0,0
215,226,0,6,7,6
216,226,28,25,17,9
217,226,75,115,103,123
218,226,12,0,0,0
222,226,7,6,3,3
223,226,48,73,65,60
226,226,0,0,1,0
231,226,18,17,13,12
232,226,12,8,8,9
240,226,83,43,54,42
241,226,137,217,168,186
242,226,24,17,26,24
243,226,41,36,48,45
244,226,26,28,27,30
245,226,3,0,0,0
246,226,36,180,187,168
247,226,269,138,146,150
248,226,17,9,19,12
249,226,68,66,74,90
250,226,0,12,10,12
251,226,61,61,74,63
252,226,8,0,0,0
203,227,109,109,94,111
204,227,1,3,7,0
206,227,0,0,1,0
207,227,61,51,59,54
211,227,33,32,29,30
212,227,2,1,6,6
217,227,60,56,56,54
218,227,132,121,126,126
219,227,29,10,12,9
223,227,48,15,12,18
224,227,10,2,8,0
231,227,8,8,10,12
232,227,14,11,6,6
243,227,1,0,0,0
246,227,189,166,165,147
247,227,295,162,285,228
248,227,93,168,203,201
249,227,37,62,71,54
250,227,30,12,9,9
251,227,61,78,64,69
252,227,7,0,0,0
203,228,86,66,70,63
204,228,13,10,12,15
206,228,21,22,16,15
207,228,64,48,42,42
208,228,5,2,2,0
211,228,24,17,20,12
212,228,8,4,2,0
213,228,14,12,7,9
219,228,101,80,65,69
220,228,187,189,172,180
226,228,18,13,11,3
227,228,14,14,20,18
228,228,22,24,15,18
229,228,4,0,0,0
230,228,19,16,15,12
231,228,10,6,2,0
245,228,11,0,5,0
246,228,52,46,47,48
247,228,388,459,481,549
248,228,0,53,21,45
249,228,38,13,28,24
250,228,21,44,41,42
202,229,10,15,13,15
203,229,50,49,46,60
204,229,122,161,148,129
205,229,31,38,45,42
206,229,37,34,22,21
207,229,7,20,12,18
208,229,0,7,10,12
209,229,23,14,11,3
210,229,16,11,2,6
213,229,33,27,23,27
214,229,12,14,20,12
215,229,1,0,0,0
220,229,40,55,81,63
221,229,192,136,161,162
222,229,38,88,76,72
224,229,8,0,6,0
225,229,640,677,707,705
226,229,47,113,97,99
227,229,8,4,3,0
237,229,2,0,0,0
244,229,2,1,0,0
245,229,13,8,8,6
246,229,140,126,103,126
247,229,70,63,74,69
249,229,26,25,9,24
250,229,0,2,20,3
203,230,40,20,28,18
204,230,380,362,383,390
205,230,11,0,3,6
206,230,22,25,23,24
207,230,4,0,0,0
208,230,6,1,2,0
209,230,45,51,34,33
215,230,2,2,2,0
216,230,13,11,20,18
218,230,4,4,4,0
219,230,5,5,0,0
221,230,0,2,2,0
222,230,644,203,205,213
223,230,51,0,0,0
224,230,113,95,118,144
225,230,83,47,39,57
226,230,0,0,1,0
227,230,7,5,2,0
232,230,27,11,8,9
233,230,5,17,14,12
236,230,0,3,3,3
244,230,2,2,0,0
247,230,19,25,23,21
248,230,2,2,3,3
251,230,4,1,0,0
252,230,1,1,1,0
204,231,0,2,3,3
205,231,19,30,34,36
206,231,20,21,17,15
207,231,5,7,2,6
208,231,17,18,8,9
209,231,5,3,6,6
216,231,2,5,0,3
217,231,5,8,13,6
218,231,64,79,80,78
222,231,1140,1248,1383,1413
223,231,2190,1913,2024,2127
224,231,89,265,330,360
225,231,4,5,7,6
233,231,87,70,66,78
236,231,77,14,14,3
237,231,1,43,34,42
244,231,19,25,27,24
245,231,0,12,9,9
247,231,91,86,83,87
248,231,0,1,0,0
250,231,18,6,8,3
252,231,1,1,4,0
205,232,35,22,20,12
206,232,173,162,155,156
207,232,38,46,43,42
208,232,1,0,3,3
216,232,0,4,6,3
217,232,87,190,143,180
218,232,162,85,111,84
219,232,49,42,39,42
220,232,34,25,19,12
222,232,142,546,544,546
223,232,857,1299,1466,1404
224,232,523,404,422,444
226,232,4,3,3,0
233,232,7,1,4,9
234,232,44,36,36,30
235,232,12,7,7,3
236,232,14,40,39,48
241,232,1,0,0,0
242,232,26,25,22,27
245,232,150,147,155,150
246,232,3,1,6,3
247,232,224,239,239,252
248,232,10,1,2,6
250,232,21,29,22,30
251,232,3,7,5,6
252,232,7,6,1,0
203,233,3,0,0,0
204,233,14,9,6,6
205,233,17,4,2,0
206,233,133,109,103,102
207,233,68,79,71,69
208,233,18,10,11,15
209,233,1,1,1,0
217,233,162,189,201,186
218,233,101,5,5,3
222,233,65,126,110,132
223,233,92,84,119,105
224,233,36,19,23,15
225,233,41,49,57,60
236,233,12,3,8,3
241,233,4,4,4,0
245,233,39,6,7,3
246,233,298,318,322,321
247,233,0,0,15,0
250,233,0,7,6,6
251,233,11,204,200,210
252,233,39,63,51,48
253,233,55,90,114,99
254,233,0,3,2,0
255,233,0,0,2,0
204,234,0,17,17,15
207,234,6,3,5,0
208,234,39,30,34,30
209,234,4,3,3,6
215,234,6,0,0,0
216,234,11,10,17,9
217,234,115,154,134,147
218,234,12,23,19,18
219,234,9,1,2,0
220,234,59,56,48,60
221,234,94,119,120,132
222,234,66,54,43,45
223,234,2,0,3,0
224,234,0,25,40,27
225,234,219,224,189,210
226,234,105,112,128,123
227,234,15,0,0,0
228,234,12,22,12,15
229,234,4,0,2,0
231,234,0,0,2,0
236,234,28,29,29,33
241,234,23,24,20,21
245,234,7,11,5,12
246,234,119,130,125,126
247,234,14,17,11,15
251,234,46,0,0,0
252,234,47,0,0,0
253,234,55,28,11,18
254,234,22,44,34,42
203,235,62,48,32,36
204,235,33,11,8,9
207,235,0,0,3,0
208,235,7,2,1,3
213,235,0,0,1,0
214,235,7,4,5,6
215,235,16,20,25,18
216,235,33,24,24,30
217,235,71,17,17,18
218,235,30,10,12,12
219,235,27,34,31,21
220,235,49,55,63,63
223,235,26,0,0,0
224,235,127,161,161,162
225,235,41,0,0,0
226,235,0,0,6,0
227,235,48,44,39,39
228,235,5,15,19,15
229,235,1,0,0,0
231,235,2,6,4,9
236,235,36,41,40,42
239,235,10,15,17,0
240,235,251,274,261,273
241,235,33,21,17,24
243,235,41,7,7,9
245,235,130,71,108,60
246,235,531,525,501,525
254,235,55,42,41,39
255,235,5,4,2,3
205,236,8,11,5,0
206,236,0,0,1,0
207,236,5,2,2,0
211,236,3,0,1,0
212,236,0,1,0,0
213,236,19,12,11,15
214,236,7,15,0,12
215,236,71,42,41,30
220,236,5,4,4,0
224,236,33,36,32,36
225,236,0,2,1,0
231,236,10,10,7,9
232,236,14,14,13,15
233,236,0,3,8,9
236,236,3,18,13,15
237,236,62,60,61,57
238,236,57,46,46,51
239,236,0,5,0,9
240,236,113,106,127,96
241,236,14,0,0,0
243,236,9,34,43,36
246,236,1356,1666,1881,1923
252,236,48,50,56,48
205,237,20,17,11,9
209,237,1,1,0,0
210,237,6,1,1,0
211,237,2,1,0,0
212,237,1,4,3,3
213,237,3,0,0,0
214,237,5,16,14,9
215,237,0,0,7,0
217,237,0,9,33,12
218,237,2,7,14,18
220,237,14,18,21,27
221,237,31,23,22,24
224,237,15,9,9,9
231,237,2,0,0,0
232,237,2,2,7,9
233,237,26,20,25,30
236,237,2,0,0,0
237,237,94,44,19,24
238,237,967,1359,1367,1257
239,237,148,150,131,135
240,237,68,1,0,9
242,237,56,54,38,54
243,237,22,2,13,0
246,237,2122,2313,2146,2211
254,237,1,1,1,0
255,237,6,3,3,0
209,238,3,1,1,0
210,238,2,0,0,0
214,238,18,26,21,21
217,238,94,81,59,75
218,238,26,11,14,15
219,238,7,5,8,3
221,238,0,0,2,0
223,238,5,6,6,6
224,238,3,3,2,0
225,238,6,10,12,12
226,238,5,7,14,6
232,238,8,12,10,3
233,238,7,0,5,0
236,238,15,2,7,0
237,238,233,100,90,75
238,238,89,0,0,0
241,238,2,1,1,0
242,238,38,51,58,45
243,238,19,6,7,9
245,238,977,2116,2477,2178
246,238,2817,2427,2374,2502
217,239,23,2,2,3
221,239,0,0,1,0
222,239,2,2,5,0
226,239,11,5,0,6
227,239,26,35,21,33
228,239,4,0,0,0
232,239,5,0,0,0
236,239,242,211,181,207
237,239,0,0,4,0
242,239,4,0,0,0
243,239,195,172,155,165
244,239,1293,508,553,468
245,239,4511,4978,5566,5262
246,239,1705,1866,1840,1743
247,239,0,0,18,0
213,240,2,1,1,0
216,240,49,42,39,33
217,240,2,26,23,21
219,240,5,12,15,9
225,240,0,19,16,30
226,240,20,22,22,21
227,240,20,0,9,3
228,240,18,15,10,9
236,240,23,41,33,39
237,240,2,0,2,0
240,240,0,0,1,0
241,240,23,45,33,30
242,240,113,103,115,114
243,240,145,119,108,117
244,240,982,735,911,933
245,240,3548,3122,2944,3513
246,240,0,0,3,0
211,241,6,4,6,0
212,241,26,21,20,12
215,241,21,10,8,6
216,241,1,0,0,0
219,241,79,61,72,63
220,241,5,10,5,15
221,241,0,8,4,3
223,241,11,2,0,0
225,241,52,36,29,21
237,241,18,28,22,15
238,241,19,0,0,0
240,241,24,17,20,15
241,241,255,231,217,204
242,241,46,50,50,51
243,241,3,4,3,0
244,241,77,91,114,96
245,241,103,74,40,66
246,241,0,14,51,18
214,242,13,16,13,15
215,242,488,412,420,453
216,242,160,114,126,111
217,242,14,7,5,6
218,242,0,3,3,0
219,242,140,151,111,147
220,242,1,17,45,21
222,242,4,0,1,0
223,242,5,9,6,3
224,242,19,26,28,33
225,242,6,3,0,0
226,242,4,5,4,3
238,242,57,79,73,75
240,242,2,0,0,0
244,242,105,127,139,129
255,242,26,29,27,24
214,243,0,53,101,48
215,243,1648,1640,1662,1794
216,243,116,141,169,138
217,243,46,59,57,63
218,243,113,153,154,144
219,243,408,376,359,306
220,243,10,14,11,15
222,243,1,1,1,0
224,243,10,9,7,6
226,243,9,6,5,3
240,243,0,11,17,12
241,243,62,58,46,51
244,243,4,0,0,0
245,243,25,16,16,6
255,243,42,31,38,33
214,244,28,50,56,51
215,244,14,52,80,45
216,244,113,79,70,84
218,244,50,0,0,0
219,244,63,57,52,60
225,244,9,10,6,9
226,244,5,11,5,6
228,244,0,1,0,0
240,244,25,20,4,12
241,244,9,0,0,0
243,244,33,44,38,45
244,244,22,27,24,24
245,244,57,73,57,66
246,244,118,110,104,102
248,244,4,10,11,6
255,244,23,22,21,18
215,245,0,3,0,0
216,245,17,26,29,18
217,245,182,42,30,33
219,245,65,55,48,48
225,245,11,2,3,0
226,245,2,2,2,0
230,245,1,1,0,0
239,245,3,3,2,0
246,245,58,28,35,24
247,245,14,1,0,3
213,246,1,0,0,0
216,246,11,1,0,0
217,246,54,166,169,144
225,246,0,2,2,0
226,246,28,51,66,57
227,246,47,18,9,3
228,246,1,1,2,3
241,246,0,3,3,3
246,246,26,33,24,21
213,247,11,16,21,24
214,247,0,5,3,0
216,247,31,5,8,3
217,247,46,84,91,90
222,247,22,15,13,9
224,247,1,0,0,0
225,247,2,0,1,0
226,247,178,212,211,171
228,247,27,13,11,12
239,247,29,43,40,24
241,247,9,2,2,0
246,247,45,32,27,30
247,247,34,46,44,51
213,248,1,0,0,0
216,248,24,14,10,12
217,248,1,8,8,0
222,248,7,7,7,9
225,248,0,1,1,0
226,248,31,8,9,12
227,248,8,9,12,9
239,248,92,56,53,60
244,248,1,0,0,0
247,248,65,37,36,27
248,248,12,11,16,21
215,249,26,24,31,30
216,249,136,124,136,111
225,249,3,0,0,0
226,249,46,48,33,33
227,249,9,7,8,9
228,249,55,51,49,39
229,249,32,10,27,6
243,249,13,13,12,12
244,249,10,0,0,0
245,249,15,9,6,6
248,249,2,0,0,0
223,250,18,13,8,6
224,250,1,1,0,0
226,250,2,0,0,0
227,250,0,2,0,0
229,250,205,222,200,207
230,250,8,27,23,27
243,250,10,4,5,6
244,250,187,209,173,171
245,250,45,25,26,30
223,251,22,56,42,42
228,251,4,4,0,0
230,251,4,6,5,0
242,251,14,0,0,0
243,251,22,36,34,30
244,251,1,4,5,3
224,252,8,5,6,6
225,252,1,1,0,0
227,252,1,0,0,0
228,252,3,1,0,0
229,252,3,2,3,6
230,252,24,26,12,15
231,252,17,11,20,21
243,252,1,1,1,0
224,253,37,29,29,33
225,253,2,2,2,0
227,253,1,1,1,0
231,253,28,19,20,12
243,253,0,1,1,0
244,253,2,1,0,0
254,253,1,10,11,15
226,254,10,8,9,9
227,254,12,0,0,0
228,254,0,9,9,6
231,254,19,24,21,21
232,254,13,9,10,12
243,254,9,1,7,9
244,254,0,0,1,0
249,254,97,89,86,78
250,254,15,13,11,15
251,254,14,12,7,3
252,254,3,2,0,0
254,254,19,7,6,0
255,254,2,2,2,3
226,255,6,6,1,0
228,255,0,2,2,0
231,255,30,10,10,9
232,255,173,191,195,186
249,255,15,11,24,21
251,255,0,3,3,3
252,255,15,13,17,15
253,255,34,27,21,33
254,255,7,31,28,36
